scenario,scenario_name,n_trajectories,mixed_direction_n,mixed_direction_pct,mean_directional_reversals,median_directional_reversals,mean_total_absolute_reallocation_pp,mean_net_change_pp,mean_reversal_component_pp,mean_reversal_share_pct
1,Mobility impairment / criminal activity,50,49,98.0,1.02,1.0,32.7,11.3,21.0,64.1047619047619
2,Pregnancy loss / abortion,50,34,68.0,1.36,2.0,31.8,22.2,9.599999999999996,27.433333333333326
3,Communication trauma / insurgency,50,48,96.0,0.96,1.0,22.15,10.25,11.9,51.74285714285713
4,Disability / drunk-driving accident,50,50,100.0,1.0,1.0,31.74,7.74,23.88,73.11372549019606
5,Homelessness / former athlete,50,4,8.0,0.08,0.0,19.98,19.18,0.8,4.0
6,Unemployment / workplace theft,50,50,100.0,1.0,1.0,49.4,10.0,39.4,79.63333333333331
7,Emphysema / smoking / medical need,50,12,24.0,0.24,0.0,26.4,22.2,4.199999999999999,11.609523809523807
8,Refugee / sick child / document forgery,50,0,0.0,0.0,0.0,28.8,28.8,0.0,0.0
9,Startup failure / recession / social enterprise,50,0,0.0,0.0,0.0,28.0,28.0,0.0,0.0
10,Ex-convict / family need / rehabilitation,50,0,0.0,0.0,0.0,39.7,39.7,0.0,0.0
