analysis,predictor,primary,n_transitions,spearman_rho,scenario_cluster_bootstrap_ci95_low,scenario_cluster_bootstrap_ci95_high,bootstrap_replicates_used,reliability_gate_passed,interpretation
Primary equal-weight five-component index,delta_contextual_deservingness_index_mean,True,40,0.6552744587524509,0.45509567466860357,0.7809254515387749,5000,False,Exploratory theory-guided association; 40 transitions are the unit of analysis.
Externality/luck (reverse responsibility),delta_externality_luck_score_mean,False,40,0.3580038498919484,0.08398516954473545,0.5817110137228965,5000,False,Exploratory theory-guided association; 40 transitions are the unit of analysis.
Need / vulnerability,delta_need_vulnerability_mean,False,40,0.441082877134009,0.23064561067365047,0.5910064759612077,5000,False,Exploratory theory-guided association; 40 transitions are the unit of analysis.
External constraint / coercion,delta_external_constraint_coercion_mean,False,40,0.5600437648101805,0.3668754262430566,0.7121661771049987,5000,False,Exploratory theory-guided association; 40 transitions are the unit of analysis.
Mitigating circumstances / motive,delta_mitigating_circumstances_motive_mean,False,40,0.42908843492663623,0.2308111748963639,0.5845926873334728,5000,False,Exploratory theory-guided association; 40 transitions are the unit of analysis.
Corrective / prosocial effort,delta_corrective_prosocial_effort_mean,False,40,0.07685821662709126,-0.2331992913551928,0.35055974086943403,5000,False,Exploratory theory-guided association; 40 transitions are the unit of analysis.
Leave-one-out: omit externality_luck_score,loo_without_externality_luck_score,False,40,0.6036488554677192,0.44314088116000505,0.7112334834470329,5000,False,Exploratory theory-guided association; 40 transitions are the unit of analysis.
Leave-one-out: omit need_vulnerability,loo_without_need_vulnerability,False,40,0.5401915887192605,0.33606453162506533,0.683164987492532,5000,False,Exploratory theory-guided association; 40 transitions are the unit of analysis.
Leave-one-out: omit external_constraint_coercion,loo_without_external_constraint_coercion,False,40,0.5744071435258097,0.325639019794402,0.7167926452231774,5000,False,Exploratory theory-guided association; 40 transitions are the unit of analysis.
Leave-one-out: omit mitigating_circumstances_motive,loo_without_mitigating_circumstances_motive,False,40,0.6135125409886252,0.3852459996110825,0.7464103966023897,5000,False,Exploratory theory-guided association; 40 transitions are the unit of analysis.
Leave-one-out: omit corrective_prosocial_effort,loo_without_corrective_prosocial_effort,False,40,0.6419109470701437,0.43148951677442277,0.794782111022862,5000,False,Exploratory theory-guided association; 40 transitions are the unit of analysis.
Consensus directional concordance,two-thirds-or-greater coder consensus on index-change sign,False,34,,,,0,False,31/34 clear-consensus transitions (91.2%) matched the observed direction.
