scenario,scenario_name,from_level,to_level,transition,new_information,n_coders,delta_externality_luck_score_mean,delta_externality_luck_score_median,delta_externality_luck_score_sd,delta_need_vulnerability_mean,delta_need_vulnerability_median,delta_need_vulnerability_sd,delta_external_constraint_coercion_mean,delta_external_constraint_coercion_median,delta_external_constraint_coercion_sd,delta_mitigating_circumstances_motive_mean,delta_mitigating_circumstances_motive_median,delta_mitigating_circumstances_motive_sd,delta_corrective_prosocial_effort_mean,delta_corrective_prosocial_effort_median,delta_corrective_prosocial_effort_sd,delta_outcome_blinded_contextual_score_mean,delta_outcome_blinded_contextual_score_median,delta_outcome_blinded_contextual_score_sd,coder_consensus_direction,coder_consensus_share,coder_votes_increase,coder_votes_decrease,coder_votes_neutral,observed_delta_B_pp,observed_delta_B_ci95_low,observed_delta_B_ci95_high,observed_direction,direction_consistent
1,Mobility impairment / criminal activity,1,2,L1→L2,Criminal activity,3,-1.3333333333333333,-2.0,1.1547005383792517,0.6666666666666666,1.0,0.5773502691896258,-0.6666666666666666,-1.0,0.5773502691896258,0.0,0.0,0.0,0.0,0.0,0.0,-0.26666666666666683,-0.20000000000000018,0.11547005383792514,decrease,1.0,0,3,0,-9.8,-10.081281938897096,-9.518718061102906,decrease,True
1,Mobility impairment / criminal activity,2,3,L2→L3,Forced gang membership,3,3.3333333333333335,3.0,1.5275252316519465,0.3333333333333333,0.0,0.5773502691896258,5.333333333333333,6.0,1.1547005383792517,5.0,5.0,1.0,0.0,0.0,0.0,2.8000000000000003,2.8,0.6000000000000001,increase,1.0,3,0,0,6.880000000000003,5.53268202325578,8.227317976744224,increase,True
1,Mobility impairment / criminal activity,3,4,L3→L4,Illegal gambling debts,3,-1.6666666666666667,-2.0,0.5773502691896257,0.3333333333333333,0.0,0.5773502691896258,0.0,0.0,0.0,-0.6666666666666666,-1.0,0.5773502691896258,0.0,0.0,0.0,-0.4000000000000001,-0.40000000000000036,5.132905769563414e-16,decrease,1.0,0,3,0,5.039999999999997,3.782121342452993,6.297878657547002,increase,False
1,Mobility impairment / criminal activity,4,5,L4→L5,Gambling for child's cancer care,3,0.0,0.0,0.0,1.0,1.0,0.0,0.0,0.0,0.0,1.3333333333333333,1.0,0.5773502691896257,0.6666666666666666,1.0,0.5773502691896258,0.6,0.5999999999999996,0.19999999999999973,increase,1.0,3,0,0,9.18,7.640757567223895,10.719242432776104,increase,True
2,Pregnancy loss / abortion,1,2,L1→L2,Pregnancy loss,3,0.0,0.0,0.0,5.0,5.0,0.0,0.0,0.0,0.0,1.3333333333333333,0.0,2.3094010767585034,0.0,0.0,0.0,1.2666666666666666,1.0,0.46188021535170054,increase,1.0,3,0,0,9.4,8.933546674187333,9.866453325812667,increase,True
2,Pregnancy loss / abortion,2,3,L2→L3,Abortion,3,0.0,0.0,0.0,-1.0,-1.0,1.0,0.0,0.0,0.0,-1.3333333333333333,0.0,2.3094010767585034,0.0,0.0,0.0,-0.4666666666666666,-0.3999999999999999,0.30550504633038916,decrease,1.0,0,3,0,-4.599999999999998,-5.846082164049796,-3.3539178359501998,decrease,True
2,Pregnancy loss / abortion,3,4,L3→L4,Life-saving medical abortion,3,2.3333333333333335,2.0,0.5773502691896258,1.0,1.0,0.0,5.333333333333333,5.0,0.5773502691896258,5.666666666666667,6.0,0.5773502691896258,0.0,0.0,0.0,2.8666666666666667,2.8000000000000003,0.30550504633038933,increase,1.0,3,0,0,7.799999999999998,6.8409564523102375,8.759043547689759,increase,True
2,Pregnancy loss / abortion,4,5,L4→L5,Incest complications,3,0.3333333333333333,0.0,0.5773502691896258,0.3333333333333333,0.0,0.5773502691896258,0.3333333333333333,0.0,0.5773502691896258,0.0,0.0,0.0,0.0,0.0,0.0,0.19999999999999987,0.20000000000000018,0.19999999999999973,increase,0.6666666666666666,2,0,1,9.6,9.210582789024922,9.989417210975077,increase,True
3,Communication trauma / insurgency,1,2,L1→L2,Trauma,3,1.0,0.0,1.7320508075688772,0.6666666666666666,1.0,0.5773502691896258,0.3333333333333333,0.0,0.5773502691896258,1.3333333333333333,1.0,1.5275252316519468,0.0,0.0,0.0,0.6666666666666664,0.5999999999999996,0.5033222956847168,increase,1.0,3,0,0,5.9,5.3485331468082675,6.451466853191733,increase,True
3,Communication trauma / insurgency,2,3,L2→L3,Trauma as insurgent,3,-1.6666666666666667,-2.0,1.5275252316519468,0.6666666666666666,1.0,0.5773502691896258,0.3333333333333333,0.0,0.5773502691896258,0.3333333333333333,0.0,0.5773502691896258,0.0,0.0,0.0,-0.06666666666666658,0.0,0.3055050463303894,mixed/indeterminate,0.3333333333333333,1,1,1,5.1,4.899042476287076,5.300957523712923,increase,
3,Communication trauma / insurgency,3,4,L3→L4,Family killed in drone bombing,3,0.6666666666666666,1.0,0.5773502691896258,1.3333333333333333,1.0,0.5773502691896257,1.6666666666666667,1.0,2.0816659994661326,2.0,3.0,1.7320508075688772,0.0,0.0,0.0,1.1333333333333335,1.2000000000000002,0.3055050463303896,increase,1.0,3,0,0,5.1,4.899042476287076,5.300957523712923,increase,True
3,Communication trauma / insurgency,4,5,L4→L5,Family in insurgency leadership,3,-0.3333333333333333,0.0,0.5773502691896258,-0.6666666666666666,-1.0,0.5773502691896258,0.3333333333333333,0.0,0.5773502691896258,-1.6666666666666667,-1.0,2.0816659994661326,0.0,0.0,0.0,-0.4666666666666668,-0.40000000000000036,0.5033222956847166,decrease,0.6666666666666666,0,2,1,-5.85,-6.79791474352627,-4.902085256473729,decrease,True
4,Disability / drunk-driving accident,1,2,L1→L2,Drunk driving,3,-3.6666666666666665,-3.0,2.081665999466133,0.3333333333333333,0.0,0.5773502691896258,-2.3333333333333335,-3.0,2.081665999466133,-1.6666666666666667,0.0,2.8867513459481287,0.0,0.0,0.0,-1.4666666666666668,-1.0,1.361371857110809,decrease,1.0,0,3,0,-12.0,-13.623982031404172,-10.376017968595828,decrease,True
4,Disability / drunk-driving accident,2,3,L2→L3,Drinking linked to bereavement,3,1.0,1.0,0.0,0.0,0.0,0.0,0.6666666666666666,1.0,3.511884584284246,2.3333333333333335,2.0,0.5773502691896258,0.0,0.0,0.0,0.7999999999999999,0.7999999999999998,0.5999999999999999,increase,1.0,3,0,0,8.9,8.30538634737524,9.49461365262476,increase,True
4,Disability / drunk-driving accident,3,4,L3→L4,Friend died in war,3,1.0,1.0,1.0,0.0,0.0,0.0,1.3333333333333333,1.0,1.5275252316519468,-2.3333333333333335,-2.0,0.5773502691896258,0.0,0.0,0.0,0.0,0.0,0.3999999999999999,mixed/indeterminate,0.3333333333333333,1,1,1,5.119999999999999,4.598047021237707,5.6419529787622915,increase,
4,Disability / drunk-driving accident,4,5,L4→L5,B survived same ambush,3,0.6666666666666666,0.0,1.1547005383792517,0.0,0.0,0.0,0.0,0.0,0.0,3.0,4.0,1.7320508075688772,0.6666666666666666,0.0,1.1547005383792517,0.8666666666666668,0.8000000000000003,0.3055050463303894,increase,1.0,3,0,0,5.72,5.160256009024799,6.2797439909752,increase,True
5,Homelessness / former athlete,1,2,L1→L2,Former professional athlete,3,0.0,0.0,0.0,0.6666666666666666,1.0,0.5773502691896258,-0.6666666666666666,0.0,1.1547005383792517,0.0,0.0,0.0,0.0,0.0,0.0,0.0,0.19999999999999973,0.34641016151377535,increase,0.6666666666666666,2,1,0,4.0,3.1012906327757523,4.898709367224248,increase,True
5,Homelessness / former athlete,2,3,L2→L3,Career-ending injury,3,2.6666666666666665,3.0,0.5773502691896258,0.0,0.0,0.0,2.3333333333333335,3.0,2.081665999466133,3.3333333333333335,4.0,1.1547005383792515,0.0,0.0,0.0,1.6666666666666667,1.4,0.4618802153517005,increase,1.0,3,0,0,4.7,4.359108802638387,5.0408911973616135,increase,True
5,Homelessness / former athlete,3,4,L3→L4,Painkiller addiction,3,-2.0,-2.0,1.0,0.3333333333333333,0.0,0.5773502691896258,-0.3333333333333333,0.0,0.5773502691896258,0.0,0.0,1.0,0.0,0.0,0.0,-0.39999999999999974,-0.39999999999999947,0.19999999999999973,decrease,1.0,0,3,0,5.3,4.9591088026383865,5.640891197361613,increase,False
5,Homelessness / former athlete,4,5,L4→L5,Seeking rehab / fatherhood,3,0.0,0.0,0.0,0.0,0.0,0.0,0.0,0.0,0.0,1.0,1.0,1.0,2.6666666666666665,2.0,1.1547005383792515,0.7333333333333334,0.6000000000000005,0.41633319989322676,increase,1.0,3,0,0,5.18,4.8048548781137566,5.555145121886243,increase,True
6,Unemployment / workplace theft,1,2,L1→L2,Theft from employer,3,-2.6666666666666665,-3.0,0.5773502691896258,1.0,1.0,1.0,0.0,0.0,0.0,0.0,0.0,0.0,0.0,0.0,0.0,-0.3333333333333333,-0.19999999999999996,0.23094010767585038,decrease,1.0,0,3,0,-19.6,-20.162563877794188,-19.037436122205815,decrease,True
6,Unemployment / workplace theft,2,3,L2→L3,Cannot re-enter field,3,0.6666666666666666,1.0,0.5773502691896258,1.0,1.0,0.0,2.3333333333333335,2.0,0.5773502691896258,0.0,0.0,0.0,0.3333333333333333,0.0,0.5773502691896258,0.8666666666666667,1.0,0.23094010767585024,increase,1.0,3,0,0,9.6,8.968419211187953,10.231580788812046,increase,True
6,Unemployment / workplace theft,3,4,L3→L4,Working in fast food,3,0.0,0.0,0.0,-0.6666666666666666,-1.0,0.5773502691896258,0.0,0.0,0.0,0.0,0.0,0.0,1.0,1.0,1.0,0.06666666666666658,0.0,0.11547005383792498,neutral,0.6666666666666666,1,0,2,3.6,2.7859815379066584,4.414018462093342,increase,
6,Unemployment / workplace theft,4,5,L4→L5,Sole family breadwinner,3,0.0,0.0,0.0,1.3333333333333333,1.0,0.5773502691896257,0.6666666666666666,1.0,0.5773502691896258,1.6666666666666667,1.0,2.0816659994661326,1.0,1.0,1.0,0.9333333333333332,1.0,0.5033222956847166,increase,1.0,3,0,0,16.4,15.638284908623179,17.161715091376816,increase,True
7,Emphysema / smoking / medical need,1,2,L1→L2,Years of smoking,3,-2.3333333333333335,-2.0,0.5773502691896258,-0.3333333333333333,0.0,0.5773502691896258,0.0,0.0,0.0,-0.3333333333333333,0.0,0.5773502691896258,0.0,0.0,0.0,-0.5999999999999999,-0.5999999999999999,0.19999999999999996,decrease,1.0,0,3,0,3.2,1.154652815830321,5.245347184169679,increase,False
7,Emphysema / smoking / medical need,2,3,L2→L3,No insurance coverage,3,0.3333333333333333,0.0,0.5773502691896258,1.0,1.0,0.0,1.6666666666666667,2.0,0.5773502691896257,0.0,0.0,0.0,0.0,0.0,0.0,0.5999999999999999,0.5999999999999999,0.19999999999999996,increase,1.0,3,0,0,6.6,5.930415055041546,7.269584944958453,increase,True
7,Emphysema / smoking / medical need,3,4,L3→L4,Cannot pay medical bills,3,0.0,0.0,0.0,0.6666666666666666,1.0,0.5773502691896258,0.0,0.0,2.0,1.3333333333333333,0.0,2.3094010767585034,0.0,0.0,0.0,0.4000000000000001,0.0,0.8717797887081346,mixed/indeterminate,0.3333333333333333,1,1,1,6.2,5.5869602268521925,6.813039773147808,increase,
7,Emphysema / smoking / medical need,4,5,L4→L5,Treatment versus rent,3,0.0,0.0,0.0,0.0,0.0,0.0,3.3333333333333335,3.0,1.5275252316519465,0.3333333333333333,0.0,0.5773502691896258,0.0,0.0,0.0,0.7333333333333335,0.6000000000000005,0.23094010767585013,increase,1.0,3,0,0,6.2,5.5869602268521925,6.813039773147808,increase,True
8,Refugee / sick child / document forgery,1,2,L1→L2,Sick child in shelter,3,0.6666666666666666,1.0,0.5773502691896258,1.0,1.0,0.0,1.0,1.0,0.0,-1.0,0.0,2.6457513110645907,0.0,0.0,0.0,0.3333333333333335,0.6000000000000001,0.4618802153517009,increase,0.6666666666666666,2,1,0,9.9,9.699042476287076,10.100957523712925,increase,True
8,Refugee / sick child / document forgery,2,3,L2→L3,Forged documents for urgent care,3,-1.6666666666666667,-2.0,0.5773502691896257,0.0,0.0,0.0,0.3333333333333333,0.0,0.5773502691896258,4.0,5.0,2.6457513110645907,1.3333333333333333,0.0,2.3094010767585034,0.7999999999999998,0.7999999999999998,0.7999999999999998,increase,0.6666666666666666,2,0,1,8.9,8.30538634737524,9.49461365262476,increase,True
8,Refugee / sick child / document forgery,3,4,L3→L4,Faces deportation,3,-0.6666666666666666,-1.0,0.5773502691896258,0.6666666666666666,1.0,0.5773502691896258,0.0,0.0,0.0,0.0,0.0,0.0,0.3333333333333333,0.0,0.5773502691896258,0.06666666666666672,0.20000000000000018,0.23094010767585052,increase,0.6666666666666666,2,1,0,5.0,5.0,5.0,increase,True
8,Refugee / sick child / document forgery,4,5,L4→L5,Spouse missing in conflict zone,3,1.0,1.0,0.0,0.3333333333333333,0.0,0.5773502691896258,0.0,0.0,0.0,0.0,0.0,0.0,-0.3333333333333333,0.0,0.5773502691896258,0.19999999999999987,0.1999999999999993,0.2000000000000002,increase,0.6666666666666666,2,0,1,5.0,5.0,5.0,increase,True
9,Startup failure / recession / social enterprise,1,2,L1→L2,Investor lost in recession,3,1.0,1.0,1.0,1.0,1.0,0.0,3.6666666666666665,4.0,0.5773502691896258,3.3333333333333335,4.0,1.1547005383792515,-0.3333333333333333,0.0,0.5773502691896258,1.7333333333333332,1.7999999999999998,0.3055050463303894,increase,1.0,3,0,0,10.0,10.0,10.0,increase,True
9,Startup failure / recession / social enterprise,2,3,L2→L3,High-interest loan,3,-0.3333333333333333,0.0,0.5773502691896258,0.3333333333333333,0.0,0.5773502691896258,0.0,0.0,0.0,0.0,0.0,0.0,1.0,0.0,1.7320508075688772,0.19999999999999987,0.0,0.3464101615137753,neutral,0.6666666666666666,1,0,2,6.6,5.930415055041546,7.269584944958453,increase,
9,Startup failure / recession / social enterprise,3,4,L3→L4,Default / personal bankruptcy,3,-0.6666666666666666,-1.0,0.5773502691896258,1.0,1.0,1.0,0.3333333333333333,0.0,0.5773502691896258,0.0,0.0,0.0,-0.3333333333333333,0.0,0.5773502691896258,0.06666666666666687,0.20000000000000018,0.41633319989322626,increase,0.6666666666666666,2,1,0,6.6,5.930415055041546,7.269584944958453,increase,True
9,Startup failure / recession / social enterprise,4,5,L4→L5,Pivot to youth social enterprise,3,0.0,0.0,0.0,0.0,0.0,0.0,-0.3333333333333333,0.0,0.5773502691896258,0.0,0.0,0.0,1.6666666666666667,2.0,0.5773502691896257,0.26666666666666633,0.20000000000000018,0.115470053837925,increase,1.0,3,0,0,4.8,3.990041505672667,5.609958494327333,increase,True
10,Ex-convict / family need / rehabilitation,1,2,L1→L2,Offence to feed family,3,-0.3333333333333333,0.0,0.5773502691896258,1.6666666666666667,1.0,1.1547005383792517,1.6666666666666667,2.0,1.5275252316519468,4.666666666666667,5.0,0.5773502691896258,0.0,0.0,0.0,1.5333333333333332,1.4,0.41633319989322637,increase,1.0,3,0,0,10.0,10.0,10.0,increase,True
10,Ex-convict / family need / rehabilitation,2,3,L2→L3,Family left / transitional housing,3,0.0,0.0,0.0,1.0,1.0,0.0,0.3333333333333333,1.0,1.1547005383792517,0.0,0.0,0.0,0.0,0.0,0.0,0.2666666666666666,0.39999999999999947,0.23094010767585027,increase,0.6666666666666666,2,0,1,10.0,10.0,10.0,increase,True
10,Ex-convict / family need / rehabilitation,3,4,L3→L4,Pressure to re-offend,3,0.0,0.0,0.0,0.3333333333333333,0.0,0.5773502691896258,0.6666666666666666,0.0,1.1547005383792517,0.0,0.0,0.0,0.0,0.0,0.0,0.20000000000000004,0.0,0.3464101615137755,neutral,0.6666666666666666,1,0,2,9.9,9.699042476287076,10.100957523712925,increase,
10,Ex-convict / family need / rehabilitation,4,5,L4→L5,Rehabilitation / volunteering,3,0.3333333333333333,0.0,0.5773502691896258,-0.6666666666666666,-1.0,0.5773502691896258,0.3333333333333333,0.0,0.5773502691896258,0.0,0.0,0.0,5.0,5.0,0.0,1.0,1.0,0.20000000000000018,increase,1.0,3,0,0,9.8,9.518718061102907,10.081281938897094,increase,True
