scenario,scenario_name,lowest_mean_B,highest_mean_B,mean_abs_reallocation_pp,largest_fall,largest_rise
1,Mobility impairment / criminal activity,L2; 50.2%,L5; 71.3%,7.724999999999998,L1→L2: Criminal activity (-9.8 pp),L4→L5: Gambling for child's cancer care (+9.2 pp)
2,Pregnancy loss / abortion,L1; 46.2%,L5; 68.4%,7.850000000000001,L2→L3: Abortion (-4.6 pp),L4→L5: Incest complications (+9.6 pp)
3,Communication trauma / insurgency,L1; 61.2%,L4; 77.3%,5.487499999999997,L4→L5: Family in insurgency leadership (-5.8 pp),L1→L2: Trauma (+5.9 pp)
4,Disability / drunk-driving accident,L2; 56.2%,L5; 75.9%,7.934999999999999,L1→L2: Drunk driving (-12.0 pp),L2→L3: Drinking linked to bereavement (+8.9 pp)
5,Homelessness / former athlete,L1; 70.2%,L5; 89.4%,4.794999999999998,—,L3→L4: Painkiller addiction (+5.3 pp)
6,Unemployment / workplace theft,L2; 30.2%,L5; 59.8%,12.299999999999999,L1→L2: Theft from employer (-19.6 pp),L4→L5: Sole family breadwinner (+16.4 pp)
7,Emphysema / smoking / medical need,L1; 59.4%,L5; 81.6%,5.549999999999999,—,L2→L3: No insurance coverage (+6.6 pp)
8,Refugee / sick child / document forgery,L1; 62.6%,L5; 91.4%,7.200000000000001,—,L1→L2: Sick child in shelter (+9.9 pp)
9,Startup failure / recession / social enterprise,L1; 60.0%,L5; 88.0%,7.0,—,L1→L2: Investor lost in recession (+10.0 pp)
10,Ex-convict / family need / rehabilitation,L1; 50.0%,L5; 89.7%,9.925,—,L1→L2: Offence to feed family (+10.0 pp)
