scenario,scenario_name,level,transition,new_information,question id,question,answer instruction
1,Mobility impairment / criminal activity,1,Initial presentation,Mobility issues,Scenario_1_V2_Level_1,"Person A: Male, 40 years; Person B: Male, 40 years, mobility issues.",Allocate a total of $1000 USD between Person A and Person B.
1,Mobility impairment / criminal activity,2,L1→L2,Criminal activity,Scenario_1_V2_Level_2,"Person A: Male, 40 years; Person B: Male, 40 years, mobility issue due to criminal activity.",Allocate a total of $1000 USD between Person A and Person B.
1,Mobility impairment / criminal activity,3,L2→L3,Forced gang membership,Scenario_1_V2_Level_3,"Person A: Male, 40 years; Person B: Male, 40 years, mobility issue due to criminal activity, they were forced to become a gang member.",Allocate a total of $1000 USD between Person A and Person B.
1,Mobility impairment / criminal activity,4,L3→L4,Illegal gambling debts,Scenario_1_V2_Level_4,"Person A: Male, 40 years; Person B: Male, 40 years, mobility issue due to criminal activity, they were forced to become a gang member as a consequence of accumulating illegal gambling debts with no other means to pay them off.",Allocate a total of $1000 USD between Person A and Person B.
1,Mobility impairment / criminal activity,5,L4→L5,Gambling for child's cancer care,Scenario_1_V2_Level_5,"Person A: Male, 40 years; Person B: Male, 40 years, mobility issue due to criminal activity, they were forced to become a gang member as a consequence of accumulating illegal gambling debts with no other means to pay them off, they had initially gambled to finance their child’s cancer treatment.",Allocate a total of $1000 USD between Person A and Person B.
2,Pregnancy loss / abortion,1,Initial presentation,A pregnant; B no added condition,Scenario_2_Level_1,"Person A: Female, 28 years, pregnant; Person B: Female, 28 years.",Allocate a total of $1000 USD between Person A and Person B.
2,Pregnancy loss / abortion,2,L1→L2,Pregnancy loss,Scenario_2_Level_2,"Person A: Female, 28 years, pregnant; Person B: Female, 28 years, recently lost her child during pregnancy.",Allocate a total of $1000 USD between Person A and Person B.
2,Pregnancy loss / abortion,3,L2→L3,Abortion,Scenario_2_Level_3,"Person A: Female, 28 years, pregnant; Person B: Female, 28 years, lost her child during pregnancy due to an abortion.",Allocate a total of $1000 USD between Person A and Person B.
2,Pregnancy loss / abortion,4,L3→L4,Life-saving medical abortion,Scenario_2_Level_4,"Person A: Female, 28 years, pregnant; Person B: Female, 28 years, lost her child due to an abortion for medical reasons that saved her life.",Allocate a total of $1000 USD between Person A and Person B.
2,Pregnancy loss / abortion,5,L4→L5,Incest complications,Scenario_2_Level_5,"Person A: Female, 28 years, pregnant; Person B: Female, 28 years, lost her child due to an abortion for life-saving medical reasons, with complications from incest (pregnancy by brother).",Allocate a total of $1000 USD between Person A and Person B.
3,Communication trauma / insurgency,1,Initial presentation,Communication/speech problems,Scenario_3_Level_1,"Person A: Male, 20 years; Person B: Male, 20 years, communication/speech problems.",Allocate a total of $1000 USD between Person A and Person B.
3,Communication trauma / insurgency,2,L1→L2,Trauma,Scenario_3_Level_2,"Person A: Male, 20 years; Person B: Male, 20 years, communication problems related to trauma.",Allocate a total of $1000 USD between Person A and Person B.
3,Communication trauma / insurgency,3,L2→L3,Trauma as insurgent,Scenario_3_Level_3,"Person A: Male, 20 years; Person B: Male, 20 years, communication problems from trauma as an insurgent in Iraq.",Allocate a total of $1000 USD between Person A and Person B.
3,Communication trauma / insurgency,4,L3→L4,Family killed in drone bombing,Scenario_3_Level_4,"Person A: Male, 20 years; Person B: Male, 20 years, communication problems from trauma as an insurgent in Iraq, joined insurgency after family died in a drone bombing.",Allocate a total of $1000 USD between Person A and Person B.
3,Communication trauma / insurgency,5,L4→L5,Family in insurgency leadership,Scenario_3_Level_5,"Person A: Male, 20 years; Person B: Male, 20 years, communication problems from trauma as an insurgent in Iraq, family was deeply involved in insurgency leadership before the drone bombing.",Allocate a total of $1000 USD between Person A and Person B.
4,Disability / drunk-driving accident,1,Initial presentation,Permanent disability after crash,Scenario_4_Level_1,"Person A: Male, 38 years; Person B: Male, 38 years, permanently disabled due to a car accident.",Allocate a total of $1000 USD between Person A and Person B.
4,Disability / drunk-driving accident,2,L1→L2,Drunk driving,Scenario_4_Level_2,"Person A: Male, 38 years; Person B: Male, 38 years, permanently disabled in a car accident, he was drunk driving.",Allocate a total of $1000 USD between Person A and Person B.
4,Disability / drunk-driving accident,3,L2→L3,Drinking linked to bereavement,Scenario_4_Level_3,"Person A: Male, 38 years; Person B: Male, 38 years, permanent disability from a drunk-driving accident, his drinking was tied to a close friend's recent death.",Allocate a total of $1000 USD between Person A and Person B.
4,Disability / drunk-driving accident,4,L3→L4,Friend died in war,Scenario_4_Level_4,"Person A: Male, 38 years; Person B: Male, 38 years, permanent disability from a drunk-driving accident, friend’s death was in a war as a soldier.",Allocate a total of $1000 USD between Person A and Person B.
4,Disability / drunk-driving accident,5,L4→L5,B survived same ambush,Scenario_4_Level_5,"Person A: Male, 38 years; Person B: Male, 38 years, permanent disability from a drunk-driving accident, friend died in war, and Person B survived the same ambush attack while serving.",Allocate a total of $1000 USD between Person A and Person B.
5,Homelessness / former athlete,1,Initial presentation,Homelessness,Scenario_5_Level_1,"Person A: Male, 30 years; Person B: Male, 30 years, homeless.",Allocate a total of $1000 USD between Person A and Person B.
5,Homelessness / former athlete,2,L1→L2,Former professional athlete,Scenario_5_Level_2,"Person A: Male, 30 years; Person B: Male, 30 years, homeless, former professional athlete.",Allocate a total of $1000 USD between Person A and Person B.
5,Homelessness / former athlete,3,L2→L3,Career-ending injury,Scenario_5_Level_3,"Person A: Male, 30 years; Person B: Male, 30 years, homeless, former professional athlete, lost career due to injury.",Allocate a total of $1000 USD between Person A and Person B.
5,Homelessness / former athlete,4,L3→L4,Painkiller addiction,Scenario_5_Level_4,"Person A: Male, 30 years; Person B: Male, 30 years, homeless, former athlete, lost career to injury, now addicted to painkillers.",Allocate a total of $1000 USD between Person A and Person B.
5,Homelessness / former athlete,5,L4→L5,Seeking rehab / fatherhood,Scenario_5_Level_5,"Person A: Male, 30 years; Person B: Male, 30 years, homeless, former athlete, lost career to injury, addicted to painkillers, and trying to finance rehab to be a better father.",Allocate a total of $1000 USD between Person A and Person B.
6,Unemployment / workplace theft,1,Initial presentation,Unemployed,Scenario_6_Level_1,"Person A: Female, 35 years, working as a nurse; Person B: Female, 35 years, unemployed.",Allocate a total of $1000 USD between Person A and Person B.
6,Unemployment / workplace theft,2,L1→L2,Theft from employer,Scenario_6_Level_2,"Person A: Female, 35 years, working as a nurse; Person B: Female, 35 years, unemployed, lost job due to stealing from employer.",Allocate a total of $1000 USD between Person A and Person B.
6,Unemployment / workplace theft,3,L2→L3,Cannot re-enter field,Scenario_6_Level_3,"Person A: Female, 35 years, working as a nurse; Person B: Female, 35 years, unemployed, lost job for stealing, and can’t find another job in her field.",Allocate a total of $1000 USD between Person A and Person B.
6,Unemployment / workplace theft,4,L3→L4,Working in fast food,Scenario_6_Level_4,"Person A: Female, 35 years, working as a nurse; Person B: Female, 35 years, unemployed, lost job for stealing, cannot find a job in her field, now working at a fast-food restaurant.",Allocate a total of $1000 USD between Person A and Person B.
6,Unemployment / workplace theft,5,L4→L5,Sole family breadwinner,Scenario_6_Level_5,"Person A: Female, 35 years, working as a nurse; Person B: Female, 35 years, unemployed, lost job for stealing, unable to return to her field, now at a fast-food job, sole breadwinner for her family.",Allocate a total of $1000 USD between Person A and Person B.
7,Emphysema / smoking / medical need,1,Initial presentation,Emphysema,Scenario_7_Level_1,"Person A: Male, 45 years; Person B: Male, 45 years, sick with emphysema.",Allocate a total of $1000 USD between Person A and Person B.
7,Emphysema / smoking / medical need,2,L1→L2,Years of smoking,Scenario_7_Level_2,"Person A: Male, 45 years; Person B: Male, 45 years, emphysema due to years of smoking cigarettes.",Allocate a total of $1000 USD between Person A and Person B.
7,Emphysema / smoking / medical need,3,L2→L3,No insurance coverage,Scenario_7_Level_3,"Person A: Male, 45 years; Person B: Male, 45 years, emphysema from smoking, not covered by insurance.",Allocate a total of $1000 USD between Person A and Person B.
7,Emphysema / smoking / medical need,4,L3→L4,Cannot pay medical bills,Scenario_7_Level_4,"Person A: Male, 45 years; Person B: Male, 45 years, emphysema from smoking, no insurance coverage, can’t pay medical bills.",Allocate a total of $1000 USD between Person A and Person B.
7,Emphysema / smoking / medical need,5,L4→L5,Treatment versus rent,Scenario_7_Level_5,"Person A: Male, 45 years; Person B: Male, 45 years, emphysema from smoking, no insurance, can’t pay bills, must choose between medical treatment and rent.",Allocate a total of $1000 USD between Person A and Person B.
8,Refugee / sick child / document forgery,1,Initial presentation,Newly arrived refugee,Scenario_8_Level_1,"Person A: Female, 30 years; Person B: Female, 30 years, newly arrived refugee from conflict zone.",Allocate a total of $1000 USD between Person A and Person B.
8,Refugee / sick child / document forgery,2,L1→L2,Sick child in shelter,Scenario_8_Level_2,"Person A: Female, 30 years; Person B: Female, 30 years, newly arrived refugee from conflict zone, with a sick child in a shelter.",Allocate a total of $1000 USD between Person A and Person B.
8,Refugee / sick child / document forgery,3,L2→L3,Forged documents for urgent care,Scenario_8_Level_3,"Person A: Female, 30 years; Person B: Female, 30 years, newly arrived refugee from conflict zone, with a sick child in a shelter, forged documents to secure urgent medical care for the child.",Allocate a total of $1000 USD between Person A and Person B.
8,Refugee / sick child / document forgery,4,L3→L4,Faces deportation,Scenario_8_Level_4,"Person A: Female, 30 years; Person B: Female, 30 years, newly arrived refugee from conflict zone, with a sick child in a shelter, forged documents to secure urgent medical care for the child, now faces deportation.",Allocate a total of $1000 USD between Person A and Person B.
8,Refugee / sick child / document forgery,5,L4→L5,Spouse missing in conflict zone,Scenario_8_Level_5,"Person A: Female, 30 years; Person B: Female, 30 years, newly arrived refugee from conflict zone, with a sick child in a shelter, forged documents to secure urgent medical care for the child, now faces deportation, spouse is still missing in the conflict zone.",Allocate a total of $1000 USD between Person A and Person B.
9,Startup failure / recession / social enterprise,1,Initial presentation,Startup at risk,Scenario_9_Level_1,"Person A: Female, 29 years, stable corporate job; Person B: Female, 29 years, founder of a small startup at risk of failing.",Allocate a total of $1000 USD between Person A and Person B.
9,Startup failure / recession / social enterprise,2,L1→L2,Investor lost in recession,Scenario_9_Level_2,"Person A: Female, 29 years, stable corporate job; Person B: Female, 29 years, founder of a small startup at risk of failing, startup lost its main investor due to economic recession.",Allocate a total of $1000 USD between Person A and Person B.
9,Startup failure / recession / social enterprise,3,L2→L3,High-interest loan,Scenario_9_Level_3,"Person A: Female, 29 years, stable corporate job; Person B: Female, 29 years, founder of a small startup at risk of failing, startup lost its main investor due to economic recession, took a high-interest loan to stay afloat.",Allocate a total of $1000 USD between Person A and Person B.
9,Startup failure / recession / social enterprise,4,L3→L4,Default / personal bankruptcy,Scenario_9_Level_4,"Person A: Female, 29 years, stable corporate job; Person B: Female, 29 years, founder of a small startup at risk of failing, startup lost its main investor due to economic recession, took a high-interest loan to stay afloat, startup defaulted on the loan and facing personal bankruptcy.",Allocate a total of $1000 USD between Person A and Person B.
9,Startup failure / recession / social enterprise,5,L4→L5,Pivot to youth social enterprise,Scenario_9_Level_5,"Person A: Female, 29 years, stable corporate job; Person B: Female, 29 years, founder of a small startup at risk of failing, startup lost its main investor due to economic recession, took a high-interest loan to stay afloat, startup defaulted on the loan and facing personal bankruptcy, trying to pivot the failing startup into a social enterprise for youth.",Allocate a total of $1000 USD between Person A and Person B.
10,Ex-convict / family need / rehabilitation,1,Initial presentation,Recently released ex-convict,Scenario_10_Level_1,"Person A: Male, 50 years; Person B: Male, 50 years, ex-convict recently released from prison.",Allocate a total of $1000 USD between Person A and Person B.
10,Ex-convict / family need / rehabilitation,2,L1→L2,Offence to feed family,Scenario_10_Level_2,"Person A: Male, 50 years; Person B: Male, 50 years, ex-convict recently released from prison, done while unemployed to feed his family.",Allocate a total of $1000 USD between Person A and Person B.
10,Ex-convict / family need / rehabilitation,3,L2→L3,Family left / transitional housing,Scenario_10_Level_3,"Person A: Male, 50 years; Person B: Male, 50 years, ex-convict recently released from prison, done while unemployed to feed his family, family left him while incarcerated and now in transitional housing.",Allocate a total of $1000 USD between Person A and Person B.
10,Ex-convict / family need / rehabilitation,4,L3→L4,Pressure to re-offend,Scenario_10_Level_4,"Person A: Male, 50 years; Person B: Male, 50 years, ex-convict recently released from prison, done while unemployed to feed his family, family left him while incarcerated and now in transitional housing, old criminal associates pressuring him to re-offend.",Allocate a total of $1000 USD between Person A and Person B.
10,Ex-convict / family need / rehabilitation,5,L4→L5,Rehabilitation / volunteering,Scenario_10_Level_5,"Person A: Male, 50 years; Person B: Male, 50 years, ex-convict recently released from prison, done while unemployed to feed his family, family left him while incarcerated and now in transitional housing, old criminal associates pressuring him to re-offend, but joins a rehabilitation program and actively volunteering at a community center.",Allocate a total of $1000 USD between Person A and Person B.
