scenario,scenario_name,transition,new_information,dominant_theoretical_cues,H2_directional_expectation,expectation_basis,observed_delta_B_pp,observed_direction,direction_consistent_with_H2,H3_reclassification_relevance,interpretation_caveat
1,Mobility impairment / criminal activity,L1→L2,Criminal activity,Greater apparent culpability / norm-relevant conduct,Decrease,"The new information attributes the existing disadvantage to criminal activity, increasing apparent responsibility relative to the sparse baseline.",-9.8,decrease,Yes,High — establishes an initial culpability penalty that later revelations can reinterpret.,The nature of the criminal activity and degree of personal agency are not specified.
1,Mobility impairment / criminal activity,L2→L3,Forced gang membership,External coercion / reduced agency,Increase,Forced gang membership reduces apparent voluntariness and introduces an external constraint on the earlier criminal-conduct cue.,6.88,increase,Yes,High — directly reinterprets the earlier criminal activity as occurring under coercion.,The degree and timing of coercion are stated narratively rather than independently manipulated.
1,Mobility impairment / criminal activity,L3→L4,Illegal gambling debts,Mixed: self-generated gambling debt + continuing constraint,Mixed/ambiguous,"Gambling debt can increase apparent personal responsibility, while 'no other means to pay' preserves a strong constraint. The two components imply opposing directional pressures.",5.04,increase,Not classified,High — qualifies the prior coercion account by introducing a potentially self-generated antecedent.,"Responsibility and constraint are bundled in the same revelation, so no unique H2 sign is assigned."
1,Mobility impairment / criminal activity,L4→L5,Gambling for child's cancer care,Mitigating/prosocial motive + child medical need,Increase,"The gambling is newly linked to financing a child's cancer treatment, adding both a mitigating motive and severe family medical need.",9.18,increase,Yes,High — changes how the earlier gambling-debt and criminality sequence can be interpreted.,Motive and need are introduced together and cannot be separated.
2,Pregnancy loss / abortion,L1→L2,Pregnancy loss,Need / vulnerability / loss,Increase,Pregnancy loss introduces an adverse outcome and vulnerability without adding a clear responsibility cue.,9.4,increase,Yes,Moderate — establishes the initial disadvantage that later levels reinterpret.,"Person A is pregnant at baseline, so the comparison already contains reproductive-status information."
2,Pregnancy loss / abortion,L2→L3,Abortion,Norm-relevant intentional action with motive not yet specified,Mixed/ambiguous,"The word 'abortion' adds agency and norm-relevant information, but without the reason for the abortion there is no theory-grounded universal direction.",-4.6,decrease,Not classified,High — changes the causal account of the earlier pregnancy loss and is itself reinterpreted at later levels.,Abortion is normatively contested and the vignette does not yet specify medical necessity or motive.
2,Pregnancy loss / abortion,L3→L4,Life-saving medical abortion,Medical necessity / constraint / life-saving circumstance,Increase,Life-saving medical necessity sharply reduces the relevance of voluntary-choice interpretations and adds severe need.,7.8,increase,Yes,High — directly reclassifies the previously disclosed abortion.,Medical necessity and life-saving benefit are bundled.
2,Pregnancy loss / abortion,L4→L5,Incest complications,Additional vulnerability / severe contextual complication,Increase,Incest-related complications add vulnerability and a severe surrounding circumstance to an already medically necessary abortion.,9.6,increase,Yes,High — further changes the surrounding moral and causal context.,The vignette states incest but does not independently specify consent or coercion; those features should not be inferred.
3,Communication trauma / insurgency,L1→L2,Trauma,Trauma / vulnerability,Increase,"The communication problem is newly attributed to trauma, adding vulnerability without an explicit culpability cue.",5.9,increase,Yes,Moderate — gives a causal account of the baseline condition.,The source and severity of trauma are not yet specified.
3,Communication trauma / insurgency,L2→L3,Trauma as insurgent,Norm-relevant conduct / possible culpability,Decrease,Identifying the recipient as an insurgent introduces conduct that may increase apparent responsibility or norm violation relative to unspecified trauma.,5.1,increase,No,High — changes the social and moral interpretation of the trauma and is later contextualised.,"The label 'insurgent' does not specify role, conduct, voluntariness, or specific wrongdoing."
3,Communication trauma / insurgency,L3→L4,Family killed in drone bombing,Bereavement / external trauma / mitigating motive,Increase,"The recipient's joining the insurgency is linked to family deaths in a drone bombing, adding severe bereavement and a mitigating causal context.",5.1,increase,Yes,High — directly reinterprets the earlier insurgent cue.,Bereavement and the stated motive for joining are introduced together.
3,Communication trauma / insurgency,L4→L5,Family in insurgency leadership,Mixed: family insurgency involvement + altered interpretation of prior bereavement,Mixed/ambiguous,"Family leadership in the insurgency may weaken the exogeneity or mitigating force of the earlier family-death narrative, but it does not establish the recipient's own culpability.",-5.85,decrease,Not classified,High — explicitly changes how the prior family-loss narrative may be understood.,Responsibility by association should not be equated with the recipient's own conduct.
4,Disability / drunk-driving accident,L1→L2,Drunk driving,Greater apparent culpability / controllable norm violation,Decrease,Drunk driving makes a controllable and norm-relevant contribution to the recipient's own disability salient.,-12.0,decrease,Yes,High — establishes the conduct that later mitigating information can reinterpret.,"The vignette does not quantify intoxication, intent, or broader circumstances at this stage."
4,Disability / drunk-driving accident,L2→L3,Drinking linked to bereavement,Mitigating circumstance / bereavement,Increase,"The drinking is newly linked to a close friend's recent death, adding a mitigating emotional circumstance.",8.9,increase,Yes,High — directly recontextualises the earlier drunk-driving disclosure.,Bereavement mitigates context but does not remove agency for drunk driving.
4,Disability / drunk-driving accident,L3→L4,Friend died in war,Additional bereavement / military-service context with indirect relevance to B,No directional prediction,"Learning that the friend died while serving in war adds context to the bereavement, but it does not map cleanly onto B's own need, culpability, constraint, or corrective effort.",5.12,increase,Not classified,Moderate — elaborates the mitigating context rather than introducing a new action by B.,"The information concerns the friend, so a unique directional prediction for B's allocation would be stronger than the theory supports."
4,Disability / drunk-driving accident,L4→L5,B survived same ambush,Direct trauma / vulnerability + shared military service,Increase,"The recipient is revealed to have survived the same ambush while serving, adding direct trauma exposure and social contribution.",5.72,increase,Yes,High — substantially changes the personal context surrounding the earlier drinking and accident.,Trauma exposure and military service are introduced jointly.
5,Homelessness / former athlete,L1→L2,Former professional athlete,Prior status / former professional role,No directional prediction,"Former professional-athlete status is socially informative but does not map cleanly onto need, constraint, culpability, mitigation, or corrective effort.",4.0,increase,Not classified,Low — primarily adds background status information.,"Prior earnings, wealth, effort, and reasons for leaving sport are not specified."
5,Homelessness / former athlete,L2→L3,Career-ending injury,External misfortune / career-ending constraint,Increase,A career-ending injury provides an external causal explanation for the transition from professional sport to homelessness.,4.7,increase,Yes,High — reinterprets the recipient's prior status and current homelessness.,The cause and preventability of the injury are not specified.
5,Homelessness / former athlete,L3→L4,Painkiller addiction,Mixed: health vulnerability/addiction + possible controllability,Mixed/ambiguous,Painkiller addiction can increase vulnerability while also introducing potentially responsibility-relevant conduct; the vignette does not resolve that tension.,5.3,increase,Not classified,High — complicates the otherwise exogenous injury narrative.,"The origin, prescription status, and degree of control over the addiction are not specified."
5,Homelessness / former athlete,L4→L5,Seeking rehab / fatherhood,Corrective effort + prosocial/family motive,Increase,Trying to finance rehabilitation and become a better father adds corrective effort and a family-oriented motive.,5.18,increase,Yes,High — reinterprets the addiction cue through attempted rehabilitation.,Corrective effort and fatherhood motive are bundled.
6,Unemployment / workplace theft,L1→L2,Theft from employer,Greater apparent culpability / norm violation,Decrease,"The recipient's unemployment is newly attributed to theft from an employer, increasing apparent responsibility.",-19.6,decrease,Yes,High — establishes the culpability cue that later effort and need can contextualise.,"The scale, motive, and circumstances of the theft are not yet specified."
6,Unemployment / workplace theft,L2→L3,Cannot re-enter field,Constraint / continuing disadvantage,Increase,Inability to re-enter the prior field adds an ongoing employment constraint and need.,9.6,increase,Yes,Moderate — adds consequences to the earlier theft-based account.,"The constraint may itself be a consequence of earlier culpable conduct, so it is not fully exogenous."
6,Unemployment / workplace theft,L3→L4,Working in fast food,Corrective/work effort,Increase,Working in fast food despite exclusion from the prior field signals current effort to work.,3.6,increase,Yes,High — introduces behaviour inconsistent with a static negative interpretation based solely on the earlier theft.,The vignette does not measure effort intensity or alternative employment opportunities.
6,Unemployment / workplace theft,L4→L5,Sole family breadwinner,Family need / dependency / responsibility,Increase,Sole-breadwinner status adds family dependency and need to the recipient's circumstances.,16.4,increase,Yes,High — further shifts the narrative from past misconduct toward current responsibility and need.,Family size and degree of financial need are not specified.
7,Emphysema / smoking / medical need,L1→L2,Years of smoking,Greater apparent controllability / self-contribution to disadvantage,Decrease,Years of smoking make a personally controllable contribution to the illness more salient.,3.2,increase,No,High — provides a clean opportunity to test whether a responsibility cue is invariably penalised.,Smoking can involve addiction and constrained choice; the vignette does not specify these factors.
7,Emphysema / smoking / medical need,L2→L3,No insurance coverage,External constraint / access to care,Increase,Lack of insurance adds an external constraint affecting access to treatment.,6.6,increase,Yes,Moderate — adds need/constraint after the smoking-responsibility cue.,The reasons for lacking insurance are not specified.
7,Emphysema / smoking / medical need,L3→L4,Cannot pay medical bills,Financial need / vulnerability,Increase,Inability to pay medical bills makes financial need more severe and explicit.,6.2,increase,Yes,Moderate — deepens the need-based context.,"No information is given about income, assets, or alternative support."
7,Emphysema / smoking / medical need,L4→L5,Treatment versus rent,Severe need / treatment-versus-housing trade-off,Increase,Having to choose between medical treatment and rent intensifies vulnerability and competing basic needs.,6.2,increase,Yes,Moderate — deepens the hardship surrounding a partly self-attributed illness.,The choice is presented narratively; actual costs and feasible alternatives are not specified.
8,Refugee / sick child / document forgery,L1→L2,Sick child in shelter,Child medical need / family vulnerability,Increase,A sick child living in a shelter adds severe dependent need and vulnerability.,9.9,increase,Yes,Moderate — adds the family-need context for later conduct.,The child's illness severity is not quantified.
8,Refugee / sick child / document forgery,L2→L3,Forged documents for urgent care,Mixed: document forgery / norm violation + urgent child medical need / prosocial motive,Mixed/ambiguous,The same revelation introduces norm-violating conduct and a strong mitigating/prosocial reason for that conduct. H2 therefore supplies no unique sign prediction.,8.9,increase,Not classified,High — a central case in which the meaning of norm-relevant conduct is inseparable from its motive and constraint.,This transition should not be coded post hoc as simply 'culpability' or simply 'mitigation'; both are present simultaneously.
8,Refugee / sick child / document forgery,L3→L4,Faces deportation,Mixed: legal consequence + increased vulnerability,Mixed/ambiguous,"Facing deportation increases vulnerability but is also a consequence of the previously disclosed forgery, leaving the deservingness direction theoretically mixed.",5.0,increase,Not classified,High — extends the consequences of the earlier mixed-motive conduct.,"The vignette does not specify legal merits, alternatives, or whether deportation would separate the family."
8,Refugee / sick child / document forgery,L4→L5,Spouse missing in conflict zone,Family loss / vulnerability / conflict-related need,Increase,"A spouse missing in the conflict zone adds family loss, uncertainty, and conflict-related vulnerability.",5.0,increase,Yes,Moderate — deepens the hardship context surrounding the earlier conduct.,The spouse's circumstances and their material implications are not specified.
9,Startup failure / recession / social enterprise,L1→L2,Investor lost in recession,External shock / bad luck,Increase,Loss of the main investor due to recession attributes the startup's difficulty to an external macroeconomic shock.,10.0,increase,Yes,Moderate — provides an exogenous causal account of the baseline risk of failure.,The startup's underlying viability before the recession is not specified.
9,Startup failure / recession / social enterprise,L2→L3,High-interest loan,Mixed: persistence/effort + self-chosen financial risk,Mixed/ambiguous,Taking a high-interest loan can signal effort to preserve the business while simultaneously increasing personally chosen financial risk.,6.6,increase,Not classified,High — changes the balance between external shock and self-directed response.,"Loan terms, available alternatives, and decision quality are not specified."
9,Startup failure / recession / social enterprise,L3→L4,Default / personal bankruptcy,Mixed: financial vulnerability + consequence of prior risk-taking,Mixed/ambiguous,Default and personal bankruptcy increase need and vulnerability but also follow the previously disclosed high-interest borrowing decision.,6.6,increase,Not classified,High — makes the consequences of the mixed external/choice pathway salient.,"The relative contribution of recession, loan choice, and business decisions cannot be separated."
9,Startup failure / recession / social enterprise,L4→L5,Pivot to youth social enterprise,Corrective/prosocial effort / social contribution,Increase,Trying to pivot toward a youth social enterprise introduces a prosocial goal and corrective effort.,4.8,increase,Yes,High — reframes the failing business through a prospective social-contribution motive.,The feasibility and sincerity of the proposed pivot are not independently verified.
10,Ex-convict / family need / rehabilitation,L1→L2,Offence to feed family,Mitigating/prosocial motive + family need,Increase,"The offence is newly linked to unemployment and feeding the family, adding need and a mitigating family-oriented motive.",10.0,increase,Yes,High — directly reinterprets the baseline ex-convict label through the motive for the offence.,The type and severity of the offence are not specified.
10,Ex-convict / family need / rehabilitation,L2→L3,Family left / transitional housing,Family loss / housing vulnerability,Increase,Family separation and transitional housing add vulnerability and social loss.,10.0,increase,Yes,Moderate — deepens the post-incarceration hardship context.,The reasons for family separation are not specified.
10,Ex-convict / family need / rehabilitation,L3→L4,Pressure to re-offend,External pressure / constraint to re-offend,Increase,Pressure from former criminal associates introduces an external constraint and threat to rehabilitation without stating that B has re-offended.,9.9,increase,Yes,High — changes the interpretation of future criminal risk from purely voluntary to socially constrained.,The degree of coercion versus ordinary social pressure is not specified.
10,Ex-convict / family need / rehabilitation,L4→L5,Rehabilitation / volunteering,Corrective effort + prosocial contribution,Increase,Joining rehabilitation and volunteering provide direct evidence of corrective effort and social contribution.,9.8,increase,Yes,High — reclassifies the recipient's current trajectory relative to the baseline ex-convict label.,The duration and effectiveness of rehabilitation/volunteering are not specified.
