agent,scenario,scenario_name,direction_class,mixed_direction,directional_reversals,total_absolute_reallocation_pp,net_change_pp,reversal_component_pp,reversal_share
1,1,Mobility impairment / criminal activity,mixed-direction,True,1,40.0,20.0,20.0,0.5
1,2,Pregnancy loss / abortion,mixed-direction,True,2,30.0,20.0,10.0,0.3333333333333333
1,3,Communication trauma / insurgency,mixed-direction,True,1,20.0,10.0,10.0,0.5
1,4,Disability / drunk-driving accident,mixed-direction,True,1,30.0,10.0,20.0,0.6666666666666666
1,5,Homelessness / former athlete,non-decreasing,False,0,20.0,20.0,0.0,0.0
1,6,Unemployment / workplace theft,mixed-direction,True,1,50.0,10.0,40.0,0.8
1,7,Emphysema / smoking / medical need,non-decreasing,False,0,30.0,30.0,0.0,0.0
1,8,Refugee / sick child / document forgery,non-decreasing,False,0,30.0,30.0,0.0,0.0
1,9,Startup failure / recession / social enterprise,non-decreasing,False,0,25.0,25.0,0.0,0.0
1,10,Ex-convict / family need / rehabilitation,non-decreasing,False,0,40.0,40.0,0.0,0.0
2,1,Mobility impairment / criminal activity,mixed-direction,True,1,40.0,20.0,20.0,0.5
2,2,Pregnancy loss / abortion,non-decreasing,False,0,20.0,20.0,0.0,0.0
2,3,Communication trauma / insurgency,mixed-direction,True,1,20.0,10.0,10.0,0.5
2,4,Disability / drunk-driving accident,mixed-direction,True,1,60.0,0.0,60.0,1.0
2,5,Homelessness / former athlete,non-decreasing,False,0,28.0,28.0,0.0,0.0
2,6,Unemployment / workplace theft,mixed-direction,True,1,50.0,10.0,40.0,0.8
2,7,Emphysema / smoking / medical need,mixed-direction,True,1,35.0,15.0,20.0,0.5714285714285714
2,8,Refugee / sick child / document forgery,non-decreasing,False,0,30.0,30.0,0.0,0.0
2,9,Startup failure / recession / social enterprise,non-decreasing,False,0,25.0,25.0,0.0,0.0
2,10,Ex-convict / family need / rehabilitation,non-decreasing,False,0,40.0,40.0,0.0,0.0
3,1,Mobility impairment / criminal activity,mixed-direction,True,1,30.0,10.0,20.0,0.6666666666666666
3,2,Pregnancy loss / abortion,mixed-direction,True,2,25.000000000000007,15.000000000000007,10.0,0.3999999999999999
3,3,Communication trauma / insurgency,mixed-direction,True,1,20.0,10.0,10.0,0.5
3,4,Disability / drunk-driving accident,mixed-direction,True,1,30.0,10.0,20.0,0.6666666666666666
3,5,Homelessness / former athlete,non-decreasing,False,0,20.0,20.0,0.0,0.0
3,6,Unemployment / workplace theft,mixed-direction,True,1,50.0,10.0,40.0,0.8
3,7,Emphysema / smoking / medical need,non-decreasing,False,0,20.0,20.0,0.0,0.0
3,8,Refugee / sick child / document forgery,non-decreasing,False,0,30.0,30.0,0.0,0.0
3,9,Startup failure / recession / social enterprise,non-decreasing,False,0,25.0,25.0,0.0,0.0
3,10,Ex-convict / family need / rehabilitation,non-decreasing,False,0,40.0,40.0,0.0,0.0
4,1,Mobility impairment / criminal activity,mixed-direction,True,1,30.0,10.0,20.0,0.6666666666666666
4,2,Pregnancy loss / abortion,mixed-direction,True,2,40.0,20.0,20.0,0.5
4,3,Communication trauma / insurgency,mixed-direction,True,1,20.0,10.0,10.0,0.5
4,4,Disability / drunk-driving accident,mixed-direction,True,1,30.0,10.0,20.0,0.6666666666666666
4,5,Homelessness / former athlete,non-decreasing,False,0,10.0,10.0,0.0,0.0
4,6,Unemployment / workplace theft,mixed-direction,True,1,50.0,10.0,40.0,0.8
4,7,Emphysema / smoking / medical need,non-decreasing,False,0,30.0,30.0,0.0,0.0
4,8,Refugee / sick child / document forgery,non-decreasing,False,0,30.0,30.0,0.0,0.0
4,9,Startup failure / recession / social enterprise,non-decreasing,False,0,40.0,40.0,0.0,0.0
4,10,Ex-convict / family need / rehabilitation,non-decreasing,False,0,40.0,40.0,0.0,0.0
5,1,Mobility impairment / criminal activity,mixed-direction,True,1,30.0,10.0,20.0,0.6666666666666666
5,2,Pregnancy loss / abortion,non-decreasing,False,0,20.0,20.0,0.0,0.0
5,3,Communication trauma / insurgency,mixed-direction,True,1,25.0,15.0,10.0,0.4
5,4,Disability / drunk-driving accident,mixed-direction,True,1,30.0,10.0,20.0,0.6666666666666666
5,5,Homelessness / former athlete,non-decreasing,False,0,20.0,20.0,0.0,0.0
5,6,Unemployment / workplace theft,mixed-direction,True,1,50.0,10.0,40.0,0.8
5,7,Emphysema / smoking / medical need,mixed-direction,True,1,40.0,20.0,20.0,0.5
5,8,Refugee / sick child / document forgery,non-decreasing,False,0,30.0,30.0,0.0,0.0
5,9,Startup failure / recession / social enterprise,non-decreasing,False,0,25.0,25.0,0.0,0.0
5,10,Ex-convict / family need / rehabilitation,non-decreasing,False,0,40.0,40.0,0.0,0.0
6,1,Mobility impairment / criminal activity,mixed-direction,True,1,40.0,20.0,20.0,0.5
6,2,Pregnancy loss / abortion,mixed-direction,True,2,29.999999999999986,20.0,9.999999999999986,0.33333333333333304
6,3,Communication trauma / insurgency,mixed-direction,True,1,20.0,10.0,10.0,0.5
6,4,Disability / drunk-driving accident,mixed-direction,True,1,30.0,10.0,20.0,0.6666666666666666
6,5,Homelessness / former athlete,non-decreasing,False,0,23.0,23.0,0.0,0.0
6,6,Unemployment / workplace theft,mixed-direction,True,1,50.0,10.0,40.0,0.8
6,7,Emphysema / smoking / medical need,mixed-direction,True,1,40.0,20.0,20.0,0.5
6,8,Refugee / sick child / document forgery,non-decreasing,False,0,30.0,30.0,0.0,0.0
6,9,Startup failure / recession / social enterprise,non-decreasing,False,0,25.0,25.0,0.0,0.0
6,10,Ex-convict / family need / rehabilitation,non-decreasing,False,0,30.0,30.0,0.0,0.0
7,1,Mobility impairment / criminal activity,mixed-direction,True,1,30.0,10.0,20.0,0.6666666666666666
7,2,Pregnancy loss / abortion,mixed-direction,True,2,40.0,20.0,20.0,0.5
7,3,Communication trauma / insurgency,mixed-direction,True,1,20.0,10.0,10.0,0.5
7,4,Disability / drunk-driving accident,mixed-direction,True,1,40.0,0.0,40.0,1.0
7,5,Homelessness / former athlete,non-decreasing,False,0,18.0,18.0,0.0,0.0
7,6,Unemployment / workplace theft,mixed-direction,True,1,50.0,10.0,40.0,0.8
7,7,Emphysema / smoking / medical need,non-decreasing,False,0,20.0,20.0,0.0,0.0
7,8,Refugee / sick child / document forgery,non-decreasing,False,0,30.0,30.0,0.0,0.0
7,9,Startup failure / recession / social enterprise,non-decreasing,False,0,40.0,40.0,0.0,0.0
7,10,Ex-convict / family need / rehabilitation,non-decreasing,False,0,40.0,40.0,0.0,0.0
8,1,Mobility impairment / criminal activity,mixed-direction,True,1,40.0,20.0,20.0,0.5
8,2,Pregnancy loss / abortion,mixed-direction,True,2,40.0,20.0,20.0,0.5
8,3,Communication trauma / insurgency,mixed-direction,True,1,20.0,10.0,10.0,0.5
8,4,Disability / drunk-driving accident,mixed-direction,True,1,30.0,10.0,20.0,0.6666666666666666
8,5,Homelessness / former athlete,non-decreasing,False,0,20.0,20.0,0.0,0.0
8,6,Unemployment / workplace theft,mixed-direction,True,1,50.0,10.0,40.0,0.8
8,7,Emphysema / smoking / medical need,mixed-direction,True,1,40.0,20.0,20.0,0.5
8,8,Refugee / sick child / document forgery,non-decreasing,False,0,30.0,30.0,0.0,0.0
8,9,Startup failure / recession / social enterprise,non-decreasing,False,0,25.0,25.0,0.0,0.0
8,10,Ex-convict / family need / rehabilitation,non-decreasing,False,0,40.0,40.0,0.0,0.0
9,1,Mobility impairment / criminal activity,mixed-direction,True,1,40.0,20.0,20.0,0.5
9,2,Pregnancy loss / abortion,mixed-direction,True,2,30.0,20.0,10.0,0.3333333333333333
9,3,Communication trauma / insurgency,mixed-direction,True,1,20.0,10.0,10.0,0.5
9,4,Disability / drunk-driving accident,mixed-direction,True,1,16.999999999999993,-3.000000000000007,13.999999999999986,0.8235294117647054
9,5,Homelessness / former athlete,non-decreasing,False,0,20.0,20.0,0.0,0.0
9,6,Unemployment / workplace theft,mixed-direction,True,1,50.0,10.0,40.0,0.8
9,7,Emphysema / smoking / medical need,non-decreasing,False,0,30.0,30.0,0.0,0.0
9,8,Refugee / sick child / document forgery,non-decreasing,False,0,30.0,30.0,0.0,0.0
9,9,Startup failure / recession / social enterprise,non-decreasing,False,0,30.0,30.0,0.0,0.0
9,10,Ex-convict / family need / rehabilitation,non-decreasing,False,0,40.0,40.0,0.0,0.0
10,1,Mobility impairment / criminal activity,mixed-direction,True,1,40.0,0.0,40.0,1.0
10,2,Pregnancy loss / abortion,non-decreasing,False,0,30.0,30.0,0.0,0.0
10,3,Communication trauma / insurgency,mixed-direction,True,1,20.0,10.0,10.0,0.5
10,4,Disability / drunk-driving accident,mixed-direction,True,1,25.0,5.0,20.0,0.8
10,5,Homelessness / former athlete,non-decreasing,False,0,20.0,20.0,0.0,0.0
10,6,Unemployment / workplace theft,mixed-direction,True,1,50.0,10.0,40.0,0.8
10,7,Emphysema / smoking / medical need,non-decreasing,False,0,20.0,20.0,0.0,0.0
10,8,Refugee / sick child / document forgery,non-decreasing,False,0,30.0,30.0,0.0,0.0
10,9,Startup failure / recession / social enterprise,non-decreasing,False,0,25.0,25.0,0.0,0.0
10,10,Ex-convict / family need / rehabilitation,non-decreasing,False,0,40.0,40.0,0.0,0.0
11,1,Mobility impairment / criminal activity,mixed-direction,True,1,35.0,15.0,20.0,0.5714285714285714
11,2,Pregnancy loss / abortion,non-decreasing,False,0,20.0,20.0,0.0,0.0
11,3,Communication trauma / insurgency,non-decreasing,False,0,15.0,15.0,0.0,0.0
11,4,Disability / drunk-driving accident,mixed-direction,True,1,30.0,10.0,20.0,0.6666666666666666
11,5,Homelessness / former athlete,mixed-direction,True,1,20.0,10.0,10.0,0.5
11,6,Unemployment / workplace theft,mixed-direction,True,1,50.0,10.0,40.0,0.8
11,7,Emphysema / smoking / medical need,mixed-direction,True,1,40.0,20.0,20.0,0.5
11,8,Refugee / sick child / document forgery,non-decreasing,False,0,30.0,30.0,0.0,0.0
11,9,Startup failure / recession / social enterprise,non-decreasing,False,0,25.0,25.0,0.0,0.0
11,10,Ex-convict / family need / rehabilitation,non-decreasing,False,0,40.0,40.0,0.0,0.0
12,1,Mobility impairment / criminal activity,mixed-direction,True,1,25.0,5.0,20.0,0.8
12,2,Pregnancy loss / abortion,non-decreasing,False,0,20.0,20.0,0.0,0.0
12,3,Communication trauma / insurgency,mixed-direction,True,1,20.0,10.0,10.0,0.5
12,4,Disability / drunk-driving accident,mixed-direction,True,1,30.0,10.0,20.0,0.6666666666666666
12,5,Homelessness / former athlete,non-decreasing,False,0,20.0,20.0,0.0,0.0
12,6,Unemployment / workplace theft,mixed-direction,True,1,50.0,10.0,40.0,0.8
12,7,Emphysema / smoking / medical need,non-decreasing,False,0,20.0,20.0,0.0,0.0
12,8,Refugee / sick child / document forgery,non-decreasing,False,0,30.0,30.0,0.0,0.0
12,9,Startup failure / recession / social enterprise,non-decreasing,False,0,25.0,25.0,0.0,0.0
12,10,Ex-convict / family need / rehabilitation,non-decreasing,False,0,40.0,40.0,0.0,0.0
13,1,Mobility impairment / criminal activity,mixed-direction,True,1,25.0,5.0,20.0,0.8
13,2,Pregnancy loss / abortion,mixed-direction,True,2,29.999999999999986,20.0,9.999999999999986,0.33333333333333304
13,3,Communication trauma / insurgency,mixed-direction,True,1,30.0,0.0,30.0,1.0
13,4,Disability / drunk-driving accident,mixed-direction,True,1,30.0,10.0,20.0,0.6666666666666666
13,5,Homelessness / former athlete,non-decreasing,False,0,23.0,23.0,0.0,0.0
13,6,Unemployment / workplace theft,mixed-direction,True,1,50.0,10.0,40.0,0.8
13,7,Emphysema / smoking / medical need,non-decreasing,False,0,20.0,20.0,0.0,0.0
13,8,Refugee / sick child / document forgery,non-decreasing,False,0,30.0,30.0,0.0,0.0
13,9,Startup failure / recession / social enterprise,non-decreasing,False,0,25.0,25.0,0.0,0.0
13,10,Ex-convict / family need / rehabilitation,non-decreasing,False,0,40.0,40.0,0.0,0.0
14,1,Mobility impairment / criminal activity,mixed-direction,True,1,40.0,20.0,20.0,0.5
14,2,Pregnancy loss / abortion,mixed-direction,True,2,24.999999999999986,15.0,9.999999999999986,0.39999999999999963
14,3,Communication trauma / insurgency,mixed-direction,True,1,20.0,10.0,10.0,0.5
14,4,Disability / drunk-driving accident,mixed-direction,True,1,25.0,5.0,20.0,0.8
14,5,Homelessness / former athlete,non-decreasing,False,0,20.0,20.0,0.0,0.0
14,6,Unemployment / workplace theft,mixed-direction,True,1,50.0,10.0,40.0,0.8
14,7,Emphysema / smoking / medical need,non-decreasing,False,0,20.0,20.0,0.0,0.0
14,8,Refugee / sick child / document forgery,non-decreasing,False,0,30.0,30.0,0.0,0.0
14,9,Startup failure / recession / social enterprise,non-decreasing,False,0,25.0,25.0,0.0,0.0
14,10,Ex-convict / family need / rehabilitation,non-decreasing,False,0,40.0,40.0,0.0,0.0
15,1,Mobility impairment / criminal activity,mixed-direction,True,1,30.0,10.0,20.0,0.6666666666666666
15,2,Pregnancy loss / abortion,non-decreasing,False,0,30.0,30.0,0.0,0.0
15,3,Communication trauma / insurgency,mixed-direction,True,1,20.0,10.0,10.0,0.5
15,4,Disability / drunk-driving accident,mixed-direction,True,1,30.0,10.0,20.0,0.6666666666666666
15,5,Homelessness / former athlete,non-decreasing,False,0,20.0,20.0,0.0,0.0
15,6,Unemployment / workplace theft,mixed-direction,True,1,50.0,10.0,40.0,0.8
15,7,Emphysema / smoking / medical need,non-decreasing,False,0,30.0,30.0,0.0,0.0
15,8,Refugee / sick child / document forgery,non-decreasing,False,0,30.0,30.0,0.0,0.0
15,9,Startup failure / recession / social enterprise,non-decreasing,False,0,30.0,30.0,0.0,0.0
15,10,Ex-convict / family need / rehabilitation,non-decreasing,False,0,40.0,40.0,0.0,0.0
16,1,Mobility impairment / criminal activity,mixed-direction,True,1,40.0,20.0,20.0,0.5
16,2,Pregnancy loss / abortion,mixed-direction,True,2,29.999999999999986,20.0,9.999999999999986,0.33333333333333304
16,3,Communication trauma / insurgency,mixed-direction,True,1,20.0,10.0,10.0,0.5
16,4,Disability / drunk-driving accident,mixed-direction,True,1,30.0,10.0,20.0,0.6666666666666666
16,5,Homelessness / former athlete,non-decreasing,False,0,18.0,18.0,0.0,0.0
16,6,Unemployment / workplace theft,mixed-direction,True,1,50.0,10.0,40.0,0.8
16,7,Emphysema / smoking / medical need,non-decreasing,False,0,20.0,20.0,0.0,0.0
16,8,Refugee / sick child / document forgery,non-decreasing,False,0,30.0,30.0,0.0,0.0
16,9,Startup failure / recession / social enterprise,non-decreasing,False,0,25.0,25.0,0.0,0.0
16,10,Ex-convict / family need / rehabilitation,non-decreasing,False,0,40.0,40.0,0.0,0.0
17,1,Mobility impairment / criminal activity,mixed-direction,True,1,25.0,5.0,20.0,0.8
17,2,Pregnancy loss / abortion,mixed-direction,True,2,40.0,20.0,20.0,0.5
17,3,Communication trauma / insurgency,mixed-direction,True,1,20.0,10.0,10.0,0.5
17,4,Disability / drunk-driving accident,mixed-direction,True,1,30.0,10.0,20.0,0.6666666666666666
17,5,Homelessness / former athlete,non-decreasing,False,0,20.0,20.0,0.0,0.0
17,6,Unemployment / workplace theft,mixed-direction,True,1,50.0,10.0,40.0,0.8
17,7,Emphysema / smoking / medical need,non-decreasing,False,0,30.0,30.0,0.0,0.0
17,8,Refugee / sick child / document forgery,non-decreasing,False,0,30.0,30.0,0.0,0.0
17,9,Startup failure / recession / social enterprise,non-decreasing,False,0,30.0,30.0,0.0,0.0
17,10,Ex-convict / family need / rehabilitation,non-decreasing,False,0,40.0,40.0,0.0,0.0
18,1,Mobility impairment / criminal activity,mixed-direction,True,1,30.0,10.0,20.0,0.6666666666666666
18,2,Pregnancy loss / abortion,non-decreasing,False,0,15.0,15.0,0.0,0.0
18,3,Communication trauma / insurgency,mixed-direction,True,1,20.0,10.0,10.0,0.5
18,4,Disability / drunk-driving accident,mixed-direction,True,1,30.0,10.0,20.0,0.6666666666666666
18,5,Homelessness / former athlete,non-decreasing,False,0,20.0,20.0,0.0,0.0
18,6,Unemployment / workplace theft,mixed-direction,True,1,50.0,10.0,40.0,0.8
18,7,Emphysema / smoking / medical need,non-decreasing,False,0,20.0,20.0,0.0,0.0
18,8,Refugee / sick child / document forgery,non-decreasing,False,0,30.0,30.0,0.0,0.0
18,9,Startup failure / recession / social enterprise,non-decreasing,False,0,25.0,25.0,0.0,0.0
18,10,Ex-convict / family need / rehabilitation,non-decreasing,False,0,40.0,40.0,0.0,0.0
19,1,Mobility impairment / criminal activity,mixed-direction,True,1,25.0,5.0,20.0,0.8
19,2,Pregnancy loss / abortion,mixed-direction,True,2,40.0,20.0,20.0,0.5
19,3,Communication trauma / insurgency,mixed-direction,True,1,30.0,10.0,20.0,0.6666666666666666
19,4,Disability / drunk-driving accident,mixed-direction,True,1,30.0,10.0,20.0,0.6666666666666666
19,5,Homelessness / former athlete,non-decreasing,False,0,20.0,20.0,0.0,0.0
19,6,Unemployment / workplace theft,mixed-direction,True,1,50.0,10.0,40.0,0.8
19,7,Emphysema / smoking / medical need,non-decreasing,False,0,20.0,20.0,0.0,0.0
19,8,Refugee / sick child / document forgery,non-decreasing,False,0,30.0,30.0,0.0,0.0
19,9,Startup failure / recession / social enterprise,non-decreasing,False,0,25.0,25.0,0.0,0.0
19,10,Ex-convict / family need / rehabilitation,non-decreasing,False,0,40.0,40.0,0.0,0.0
20,1,Mobility impairment / criminal activity,mixed-direction,True,1,30.0,10.0,20.0,0.6666666666666666
20,2,Pregnancy loss / abortion,mixed-direction,True,2,40.0,20.0,20.0,0.5
20,3,Communication trauma / insurgency,mixed-direction,True,1,20.0,10.0,10.0,0.5
20,4,Disability / drunk-driving accident,mixed-direction,True,1,25.0,5.0,20.0,0.8
20,5,Homelessness / former athlete,non-decreasing,False,0,20.0,20.0,0.0,0.0
20,6,Unemployment / workplace theft,mixed-direction,True,1,50.0,10.0,40.0,0.8
20,7,Emphysema / smoking / medical need,mixed-direction,True,1,40.0,20.0,20.0,0.5
20,8,Refugee / sick child / document forgery,non-decreasing,False,0,30.0,30.0,0.0,0.0
20,9,Startup failure / recession / social enterprise,non-decreasing,False,0,25.0,25.0,0.0,0.0
20,10,Ex-convict / family need / rehabilitation,non-decreasing,False,0,40.0,40.0,0.0,0.0
21,1,Mobility impairment / criminal activity,mixed-direction,True,1,30.0,10.0,20.0,0.6666666666666666
21,2,Pregnancy loss / abortion,mixed-direction,True,2,30.000000000000014,20.0,10.000000000000014,0.33333333333333365
21,3,Communication trauma / insurgency,mixed-direction,True,1,20.0,10.0,10.0,0.5
21,4,Disability / drunk-driving accident,mixed-direction,True,1,30.0,10.0,20.0,0.6666666666666666
21,5,Homelessness / former athlete,non-decreasing,False,0,18.0,18.0,0.0,0.0
21,6,Unemployment / workplace theft,mixed-direction,True,1,50.0,10.0,40.0,0.8
21,7,Emphysema / smoking / medical need,non-decreasing,False,0,20.0,20.0,0.0,0.0
21,8,Refugee / sick child / document forgery,non-decreasing,False,0,30.0,30.0,0.0,0.0
21,9,Startup failure / recession / social enterprise,non-decreasing,False,0,25.0,25.0,0.0,0.0
21,10,Ex-convict / family need / rehabilitation,non-decreasing,False,0,40.0,40.0,0.0,0.0
22,1,Mobility impairment / criminal activity,mixed-direction,True,1,30.0,10.0,20.0,0.6666666666666666
22,2,Pregnancy loss / abortion,non-decreasing,False,0,30.0,30.0,0.0,0.0
22,3,Communication trauma / insurgency,mixed-direction,True,1,20.0,10.0,10.0,0.5
22,4,Disability / drunk-driving accident,mixed-direction,True,1,30.0,10.0,20.0,0.6666666666666666
22,5,Homelessness / former athlete,non-decreasing,False,0,20.0,20.0,0.0,0.0
22,6,Unemployment / workplace theft,mixed-direction,True,1,50.0,10.0,40.0,0.8
22,7,Emphysema / smoking / medical need,non-decreasing,False,0,20.0,20.0,0.0,0.0
22,8,Refugee / sick child / document forgery,non-decreasing,False,0,25.0,25.0,0.0,0.0
22,9,Startup failure / recession / social enterprise,non-decreasing,False,0,25.0,25.0,0.0,0.0
22,10,Ex-convict / family need / rehabilitation,non-decreasing,False,0,40.0,40.0,0.0,0.0
23,1,Mobility impairment / criminal activity,mixed-direction,True,1,40.0,20.0,20.0,0.5
23,2,Pregnancy loss / abortion,non-decreasing,False,0,30.0,30.0,0.0,0.0
23,3,Communication trauma / insurgency,mixed-direction,True,1,25.0,15.0,10.0,0.4
23,4,Disability / drunk-driving accident,mixed-direction,True,1,30.0,10.0,20.0,0.6666666666666666
23,5,Homelessness / former athlete,non-decreasing,False,0,18.0,18.0,0.0,0.0
23,6,Unemployment / workplace theft,mixed-direction,True,1,50.0,10.0,40.0,0.8
23,7,Emphysema / smoking / medical need,mixed-direction,True,1,40.0,20.0,20.0,0.5
23,8,Refugee / sick child / document forgery,non-decreasing,False,0,30.0,30.0,0.0,0.0
23,9,Startup failure / recession / social enterprise,non-decreasing,False,0,25.0,25.0,0.0,0.0
23,10,Ex-convict / family need / rehabilitation,non-decreasing,False,0,35.0,35.0,0.0,0.0
24,1,Mobility impairment / criminal activity,mixed-direction,True,1,40.0,20.0,20.0,0.5
24,2,Pregnancy loss / abortion,mixed-direction,True,2,39.999999999999986,30.0,9.999999999999986,0.24999999999999972
24,3,Communication trauma / insurgency,mixed-direction,True,1,17.5,12.5,5.0,0.2857142857142857
24,4,Disability / drunk-driving accident,mixed-direction,True,1,30.0,10.0,20.0,0.6666666666666666
24,5,Homelessness / former athlete,mixed-direction,True,1,20.0,10.0,10.0,0.5
24,6,Unemployment / workplace theft,mixed-direction,True,1,50.0,10.0,40.0,0.8
24,7,Emphysema / smoking / medical need,non-decreasing,False,0,20.0,20.0,0.0,0.0
24,8,Refugee / sick child / document forgery,non-decreasing,False,0,30.0,30.0,0.0,0.0
24,9,Startup failure / recession / social enterprise,non-decreasing,False,0,25.0,25.0,0.0,0.0
24,10,Ex-convict / family need / rehabilitation,non-decreasing,False,0,40.0,40.0,0.0,0.0
25,1,Mobility impairment / criminal activity,mixed-direction,True,1,30.0,10.0,20.0,0.6666666666666666
25,2,Pregnancy loss / abortion,mixed-direction,True,2,30.0,20.0,10.0,0.3333333333333333
25,3,Communication trauma / insurgency,mixed-direction,True,1,20.0,10.0,10.0,0.5
25,4,Disability / drunk-driving accident,mixed-direction,True,1,25.0,5.0,20.0,0.8
25,5,Homelessness / former athlete,non-decreasing,False,0,20.0,20.0,0.0,0.0
25,6,Unemployment / workplace theft,mixed-direction,True,1,50.0,10.0,40.0,0.8
25,7,Emphysema / smoking / medical need,non-decreasing,False,0,25.0,25.0,0.0,0.0
25,8,Refugee / sick child / document forgery,non-decreasing,False,0,25.0,25.0,0.0,0.0
25,9,Startup failure / recession / social enterprise,non-decreasing,False,0,40.0,40.0,0.0,0.0
25,10,Ex-convict / family need / rehabilitation,non-decreasing,False,0,40.0,40.0,0.0,0.0
26,1,Mobility impairment / criminal activity,mixed-direction,True,1,30.0,10.0,20.0,0.6666666666666666
26,2,Pregnancy loss / abortion,mixed-direction,True,2,29.999999999999986,20.0,9.999999999999986,0.33333333333333304
26,3,Communication trauma / insurgency,mixed-direction,True,1,20.0,10.0,10.0,0.5
26,4,Disability / drunk-driving accident,mixed-direction,True,1,30.0,10.0,20.0,0.6666666666666666
26,5,Homelessness / former athlete,non-decreasing,False,0,20.0,20.0,0.0,0.0
26,6,Unemployment / workplace theft,mixed-direction,True,1,50.0,10.0,40.0,0.8
26,7,Emphysema / smoking / medical need,mixed-direction,True,1,24.999999999999986,15.0,9.999999999999986,0.39999999999999963
26,8,Refugee / sick child / document forgery,non-decreasing,False,0,25.0,25.0,0.0,0.0
26,9,Startup failure / recession / social enterprise,non-decreasing,False,0,30.0,30.0,0.0,0.0
26,10,Ex-convict / family need / rehabilitation,non-decreasing,False,0,40.0,40.0,0.0,0.0
27,1,Mobility impairment / criminal activity,mixed-direction,True,1,40.0,20.0,20.0,0.5
27,2,Pregnancy loss / abortion,mixed-direction,True,2,29.999999999999986,20.0,9.999999999999986,0.33333333333333304
27,3,Communication trauma / insurgency,mixed-direction,True,1,30.0,10.0,20.0,0.6666666666666666
27,4,Disability / drunk-driving accident,mixed-direction,True,1,30.0,10.0,20.0,0.6666666666666666
27,5,Homelessness / former athlete,non-decreasing,False,0,20.0,20.0,0.0,0.0
27,6,Unemployment / workplace theft,mixed-direction,True,1,50.0,10.0,40.0,0.8
27,7,Emphysema / smoking / medical need,non-decreasing,False,0,25.0,25.0,0.0,0.0
27,8,Refugee / sick child / document forgery,non-decreasing,False,0,25.0,25.0,0.0,0.0
27,9,Startup failure / recession / social enterprise,non-decreasing,False,0,30.0,30.0,0.0,0.0
27,10,Ex-convict / family need / rehabilitation,non-decreasing,False,0,40.0,40.0,0.0,0.0
28,1,Mobility impairment / criminal activity,mixed-direction,True,1,30.0,10.0,20.0,0.6666666666666666
28,2,Pregnancy loss / abortion,mixed-direction,True,2,29.999999999999986,20.0,9.999999999999986,0.33333333333333304
28,3,Communication trauma / insurgency,mixed-direction,True,1,20.0,10.0,10.0,0.5
28,4,Disability / drunk-driving accident,mixed-direction,True,1,60.0,0.0,60.0,1.0
28,5,Homelessness / former athlete,non-decreasing,False,0,20.0,20.0,0.0,0.0
28,6,Unemployment / workplace theft,mixed-direction,True,1,50.0,10.0,40.0,0.8
28,7,Emphysema / smoking / medical need,mixed-direction,True,1,40.0,20.0,20.0,0.5
28,8,Refugee / sick child / document forgery,non-decreasing,False,0,25.0,25.0,0.0,0.0
28,9,Startup failure / recession / social enterprise,non-decreasing,False,0,40.0,40.0,0.0,0.0
28,10,Ex-convict / family need / rehabilitation,non-decreasing,False,0,40.0,40.0,0.0,0.0
29,1,Mobility impairment / criminal activity,mixed-direction,True,1,70.0,10.0,60.0,0.8571428571428571
29,2,Pregnancy loss / abortion,mixed-direction,True,2,29.999999999999986,20.0,9.999999999999986,0.33333333333333304
29,3,Communication trauma / insurgency,mixed-direction,True,1,20.0,10.0,10.0,0.5
29,4,Disability / drunk-driving accident,mixed-direction,True,1,30.0,10.0,20.0,0.6666666666666666
29,5,Homelessness / former athlete,non-decreasing,False,0,20.0,20.0,0.0,0.0
29,6,Unemployment / workplace theft,mixed-direction,True,1,50.0,10.0,40.0,0.8
29,7,Emphysema / smoking / medical need,mixed-direction,True,1,19.999999999999986,10.0,9.999999999999986,0.49999999999999967
29,8,Refugee / sick child / document forgery,non-decreasing,False,0,30.0,30.0,0.0,0.0
29,9,Startup failure / recession / social enterprise,non-decreasing,False,0,30.0,30.0,0.0,0.0
29,10,Ex-convict / family need / rehabilitation,non-decreasing,False,0,40.0,40.0,0.0,0.0
30,1,Mobility impairment / criminal activity,mixed-direction,True,1,30.0,10.0,20.0,0.6666666666666666
30,2,Pregnancy loss / abortion,non-decreasing,False,0,30.0,30.0,0.0,0.0
30,3,Communication trauma / insurgency,mixed-direction,True,1,20.0,10.0,10.0,0.5
30,4,Disability / drunk-driving accident,mixed-direction,True,1,30.0,10.0,20.0,0.6666666666666666
30,5,Homelessness / former athlete,non-decreasing,False,0,20.0,20.0,0.0,0.0
30,6,Unemployment / workplace theft,mixed-direction,True,1,50.0,10.0,40.0,0.8
30,7,Emphysema / smoking / medical need,non-decreasing,False,0,20.0,20.0,0.0,0.0
30,8,Refugee / sick child / document forgery,non-decreasing,False,0,30.0,30.0,0.0,0.0
30,9,Startup failure / recession / social enterprise,non-decreasing,False,0,40.0,40.0,0.0,0.0
30,10,Ex-convict / family need / rehabilitation,non-decreasing,False,0,40.0,40.0,0.0,0.0
31,1,Mobility impairment / criminal activity,non-increasing,False,0,10.0,-10.0,0.0,0.0
31,2,Pregnancy loss / abortion,non-decreasing,False,0,30.0,30.0,0.0,0.0
31,3,Communication trauma / insurgency,mixed-direction,True,1,20.0,10.0,10.0,0.5
31,4,Disability / drunk-driving accident,mixed-direction,True,1,30.0,10.0,20.0,0.6666666666666666
31,5,Homelessness / former athlete,non-decreasing,False,0,20.0,20.0,0.0,0.0
31,6,Unemployment / workplace theft,mixed-direction,True,1,50.0,10.0,40.0,0.8
31,7,Emphysema / smoking / medical need,non-decreasing,False,0,20.0,20.0,0.0,0.0
31,8,Refugee / sick child / document forgery,non-decreasing,False,0,30.0,30.0,0.0,0.0
31,9,Startup failure / recession / social enterprise,non-decreasing,False,0,40.0,40.0,0.0,0.0
31,10,Ex-convict / family need / rehabilitation,non-decreasing,False,0,40.0,40.0,0.0,0.0
32,1,Mobility impairment / criminal activity,mixed-direction,True,1,25.0,5.0,20.0,0.8
32,2,Pregnancy loss / abortion,mixed-direction,True,2,29.999999999999986,20.0,9.999999999999986,0.33333333333333304
32,3,Communication trauma / insurgency,mixed-direction,True,1,20.0,10.0,10.0,0.5
32,4,Disability / drunk-driving accident,mixed-direction,True,1,30.0,10.0,20.0,0.6666666666666666
32,5,Homelessness / former athlete,non-decreasing,False,0,20.0,20.0,0.0,0.0
32,6,Unemployment / workplace theft,mixed-direction,True,1,50.0,10.0,40.0,0.8
32,7,Emphysema / smoking / medical need,non-decreasing,False,0,30.0,30.0,0.0,0.0
32,8,Refugee / sick child / document forgery,non-decreasing,False,0,25.0,25.0,0.0,0.0
32,9,Startup failure / recession / social enterprise,non-decreasing,False,0,40.0,40.0,0.0,0.0
32,10,Ex-convict / family need / rehabilitation,non-decreasing,False,0,40.0,40.0,0.0,0.0
33,1,Mobility impairment / criminal activity,mixed-direction,True,1,30.0,10.0,20.0,0.6666666666666666
33,2,Pregnancy loss / abortion,non-decreasing,False,0,30.0,30.0,0.0,0.0
33,3,Communication trauma / insurgency,mixed-direction,True,1,20.0,10.0,10.0,0.5
33,4,Disability / drunk-driving accident,mixed-direction,True,1,30.0,10.0,20.0,0.6666666666666666
33,5,Homelessness / former athlete,non-decreasing,False,0,23.0,23.0,0.0,0.0
33,6,Unemployment / workplace theft,mixed-direction,True,1,50.0,10.0,40.0,0.8
33,7,Emphysema / smoking / medical need,mixed-direction,True,1,40.0,20.0,20.0,0.5
33,8,Refugee / sick child / document forgery,non-decreasing,False,0,30.0,30.0,0.0,0.0
33,9,Startup failure / recession / social enterprise,non-decreasing,False,0,25.0,25.0,0.0,0.0
33,10,Ex-convict / family need / rehabilitation,non-decreasing,False,0,40.0,40.0,0.0,0.0
34,1,Mobility impairment / criminal activity,mixed-direction,True,1,40.0,20.0,20.0,0.5
34,2,Pregnancy loss / abortion,non-decreasing,False,0,45.0,45.0,0.0,0.0
34,3,Communication trauma / insurgency,mixed-direction,True,1,30.0,0.0,30.0,1.0
34,4,Disability / drunk-driving accident,mixed-direction,True,1,60.0,0.0,60.0,1.0
34,5,Homelessness / former athlete,non-decreasing,False,0,20.0,20.0,0.0,0.0
34,6,Unemployment / workplace theft,mixed-direction,True,1,50.0,10.0,40.0,0.8
34,7,Emphysema / smoking / medical need,non-decreasing,False,0,20.0,20.0,0.0,0.0
34,8,Refugee / sick child / document forgery,non-decreasing,False,0,30.0,30.0,0.0,0.0
34,9,Startup failure / recession / social enterprise,non-decreasing,False,0,25.0,25.0,0.0,0.0
34,10,Ex-convict / family need / rehabilitation,non-decreasing,False,0,40.0,40.0,0.0,0.0
35,1,Mobility impairment / criminal activity,mixed-direction,True,1,40.0,20.0,20.0,0.5
35,2,Pregnancy loss / abortion,non-decreasing,False,0,20.0,20.0,0.0,0.0
35,3,Communication trauma / insurgency,mixed-direction,True,1,20.0,10.0,10.0,0.5
35,4,Disability / drunk-driving accident,mixed-direction,True,1,30.0,10.0,20.0,0.6666666666666666
35,5,Homelessness / former athlete,non-decreasing,False,0,20.0,20.0,0.0,0.0
35,6,Unemployment / workplace theft,mixed-direction,True,1,50.0,10.0,40.0,0.8
35,7,Emphysema / smoking / medical need,non-decreasing,False,0,20.0,20.0,0.0,0.0
35,8,Refugee / sick child / document forgery,non-decreasing,False,0,30.0,30.0,0.0,0.0
35,9,Startup failure / recession / social enterprise,non-decreasing,False,0,25.0,25.0,0.0,0.0
35,10,Ex-convict / family need / rehabilitation,non-decreasing,False,0,40.0,40.0,0.0,0.0
36,1,Mobility impairment / criminal activity,mixed-direction,True,1,30.0,10.0,20.0,0.6666666666666666
36,2,Pregnancy loss / abortion,non-decreasing,False,0,30.0,30.0,0.0,0.0
36,3,Communication trauma / insurgency,mixed-direction,True,1,20.0,10.0,10.0,0.5
36,4,Disability / drunk-driving accident,mixed-direction,True,1,40.0,0.0,40.0,1.0
36,5,Homelessness / former athlete,non-decreasing,False,0,20.0,20.0,0.0,0.0
36,6,Unemployment / workplace theft,mixed-direction,True,1,50.0,10.0,40.0,0.8
36,7,Emphysema / smoking / medical need,non-decreasing,False,0,20.0,20.0,0.0,0.0
36,8,Refugee / sick child / document forgery,non-decreasing,False,0,30.0,30.0,0.0,0.0
36,9,Startup failure / recession / social enterprise,non-decreasing,False,0,25.0,25.0,0.0,0.0
36,10,Ex-convict / family need / rehabilitation,non-decreasing,False,0,40.0,40.0,0.0,0.0
37,1,Mobility impairment / criminal activity,mixed-direction,True,1,30.0,10.0,20.0,0.6666666666666666
37,2,Pregnancy loss / abortion,non-decreasing,False,0,30.0,30.0,0.0,0.0
37,3,Communication trauma / insurgency,mixed-direction,True,1,30.0,10.0,20.0,0.6666666666666666
37,4,Disability / drunk-driving accident,mixed-direction,True,1,25.0,5.0,20.0,0.8
37,5,Homelessness / former athlete,non-decreasing,False,0,20.0,20.0,0.0,0.0
37,6,Unemployment / workplace theft,mixed-direction,True,1,50.0,10.0,40.0,0.8
37,7,Emphysema / smoking / medical need,non-decreasing,False,0,20.0,20.0,0.0,0.0
37,8,Refugee / sick child / document forgery,non-decreasing,False,0,30.0,30.0,0.0,0.0
37,9,Startup failure / recession / social enterprise,non-decreasing,False,0,25.0,25.0,0.0,0.0
37,10,Ex-convict / family need / rehabilitation,non-decreasing,False,0,40.0,40.0,0.0,0.0
38,1,Mobility impairment / criminal activity,mixed-direction,True,3,34.999999999999986,5.0,29.999999999999986,0.8571428571428571
38,2,Pregnancy loss / abortion,mixed-direction,True,2,40.0,20.0,20.0,0.5
38,3,Communication trauma / insurgency,non-decreasing,False,0,20.0,20.0,0.0,0.0
38,4,Disability / drunk-driving accident,mixed-direction,True,1,30.0,10.0,20.0,0.6666666666666666
38,5,Homelessness / former athlete,non-decreasing,False,0,20.0,20.0,0.0,0.0
38,6,Unemployment / workplace theft,mixed-direction,True,1,50.0,10.0,40.0,0.8
38,7,Emphysema / smoking / medical need,non-decreasing,False,0,40.0,40.0,0.0,0.0
38,8,Refugee / sick child / document forgery,non-decreasing,False,0,30.0,30.0,0.0,0.0
38,9,Startup failure / recession / social enterprise,non-decreasing,False,0,25.0,25.0,0.0,0.0
38,10,Ex-convict / family need / rehabilitation,non-decreasing,False,0,40.0,40.0,0.0,0.0
39,1,Mobility impairment / criminal activity,mixed-direction,True,1,30.0,10.0,20.0,0.6666666666666666
39,2,Pregnancy loss / abortion,mixed-direction,True,2,30.0,20.0,10.0,0.3333333333333333
39,3,Communication trauma / insurgency,mixed-direction,True,1,30.0,10.0,20.0,0.6666666666666666
39,4,Disability / drunk-driving accident,mixed-direction,True,1,30.0,10.0,20.0,0.6666666666666666
39,5,Homelessness / former athlete,non-decreasing,False,0,25.0,25.0,0.0,0.0
39,6,Unemployment / workplace theft,mixed-direction,True,1,50.0,10.0,40.0,0.8
39,7,Emphysema / smoking / medical need,mixed-direction,True,1,29.999999999999986,20.0,9.999999999999986,0.33333333333333304
39,8,Refugee / sick child / document forgery,non-decreasing,False,0,25.0,25.0,0.0,0.0
39,9,Startup failure / recession / social enterprise,non-decreasing,False,0,30.0,30.0,0.0,0.0
39,10,Ex-convict / family need / rehabilitation,non-decreasing,False,0,40.0,40.0,0.0,0.0
40,1,Mobility impairment / criminal activity,mixed-direction,True,1,30.0,10.0,20.0,0.6666666666666666
40,2,Pregnancy loss / abortion,mixed-direction,True,2,30.0,20.0,10.0,0.3333333333333333
40,3,Communication trauma / insurgency,mixed-direction,True,1,20.0,10.0,10.0,0.5
40,4,Disability / drunk-driving accident,mixed-direction,True,1,25.0,5.0,20.0,0.8
40,5,Homelessness / former athlete,mixed-direction,True,1,20.0,10.0,10.0,0.5
40,6,Unemployment / workplace theft,mixed-direction,True,1,50.0,10.0,40.0,0.8
40,7,Emphysema / smoking / medical need,non-decreasing,False,0,20.0,20.0,0.0,0.0
40,8,Refugee / sick child / document forgery,non-decreasing,False,0,30.0,30.0,0.0,0.0
40,9,Startup failure / recession / social enterprise,non-decreasing,False,0,25.0,25.0,0.0,0.0
40,10,Ex-convict / family need / rehabilitation,non-decreasing,False,0,40.0,40.0,0.0,0.0
41,1,Mobility impairment / criminal activity,mixed-direction,True,1,30.0,10.0,20.0,0.6666666666666666
41,2,Pregnancy loss / abortion,mixed-direction,True,2,30.0,20.0,10.0,0.3333333333333333
41,3,Communication trauma / insurgency,mixed-direction,True,1,20.0,10.0,10.0,0.5
41,4,Disability / drunk-driving accident,mixed-direction,True,1,30.0,10.0,20.0,0.6666666666666666
41,5,Homelessness / former athlete,non-decreasing,False,0,20.0,20.0,0.0,0.0
41,6,Unemployment / workplace theft,mixed-direction,True,1,50.0,10.0,40.0,0.8
41,7,Emphysema / smoking / medical need,non-decreasing,False,0,25.0,25.0,0.0,0.0
41,8,Refugee / sick child / document forgery,non-decreasing,False,0,30.0,30.0,0.0,0.0
41,9,Startup failure / recession / social enterprise,non-decreasing,False,0,30.0,30.0,0.0,0.0
41,10,Ex-convict / family need / rehabilitation,non-decreasing,False,0,40.0,40.0,0.0,0.0
42,1,Mobility impairment / criminal activity,mixed-direction,True,1,30.0,10.0,20.0,0.6666666666666666
42,2,Pregnancy loss / abortion,mixed-direction,True,2,30.0,20.0,10.0,0.3333333333333333
42,3,Communication trauma / insurgency,mixed-direction,True,1,20.0,10.0,10.0,0.5
42,4,Disability / drunk-driving accident,mixed-direction,True,1,25.0,5.0,20.0,0.8
42,5,Homelessness / former athlete,non-decreasing,False,0,20.0,20.0,0.0,0.0
42,6,Unemployment / workplace theft,mixed-direction,True,1,50.0,10.0,40.0,0.8
42,7,Emphysema / smoking / medical need,non-decreasing,False,0,25.0,25.0,0.0,0.0
42,8,Refugee / sick child / document forgery,non-decreasing,False,0,25.0,25.0,0.0,0.0
42,9,Startup failure / recession / social enterprise,non-decreasing,False,0,25.0,25.0,0.0,0.0
42,10,Ex-convict / family need / rehabilitation,non-decreasing,False,0,40.0,40.0,0.0,0.0
43,1,Mobility impairment / criminal activity,mixed-direction,True,1,30.0,10.0,20.0,0.6666666666666666
43,2,Pregnancy loss / abortion,mixed-direction,True,2,30.0,20.0,10.0,0.3333333333333333
43,3,Communication trauma / insurgency,mixed-direction,True,1,30.0,10.0,20.0,0.6666666666666666
43,4,Disability / drunk-driving accident,mixed-direction,True,1,30.0,10.0,20.0,0.6666666666666666
43,5,Homelessness / former athlete,non-decreasing,False,0,20.0,20.0,0.0,0.0
43,6,Unemployment / workplace theft,mixed-direction,True,1,50.0,10.0,40.0,0.8
43,7,Emphysema / smoking / medical need,non-decreasing,False,0,20.0,20.0,0.0,0.0
43,8,Refugee / sick child / document forgery,non-decreasing,False,0,30.0,30.0,0.0,0.0
43,9,Startup failure / recession / social enterprise,non-decreasing,False,0,25.0,25.0,0.0,0.0
43,10,Ex-convict / family need / rehabilitation,non-decreasing,False,0,40.0,40.0,0.0,0.0
44,1,Mobility impairment / criminal activity,mixed-direction,True,1,30.0,10.0,20.0,0.6666666666666666
44,2,Pregnancy loss / abortion,mixed-direction,True,2,40.0,20.0,20.0,0.5
44,3,Communication trauma / insurgency,mixed-direction,True,1,20.0,10.0,10.0,0.5
44,4,Disability / drunk-driving accident,mixed-direction,True,1,60.0,0.0,60.0,1.0
44,5,Homelessness / former athlete,non-decreasing,False,0,20.0,20.0,0.0,0.0
44,6,Unemployment / workplace theft,mixed-direction,True,1,40.0,10.0,30.0,0.75
44,7,Emphysema / smoking / medical need,non-decreasing,False,0,20.0,20.0,0.0,0.0
44,8,Refugee / sick child / document forgery,non-decreasing,False,0,25.0,25.0,0.0,0.0
44,9,Startup failure / recession / social enterprise,non-decreasing,False,0,25.0,25.0,0.0,0.0
44,10,Ex-convict / family need / rehabilitation,non-decreasing,False,0,40.0,40.0,0.0,0.0
45,1,Mobility impairment / criminal activity,mixed-direction,True,1,25.0,5.0,20.0,0.8
45,2,Pregnancy loss / abortion,mixed-direction,True,2,40.0,20.0,20.0,0.5
45,3,Communication trauma / insurgency,mixed-direction,True,1,20.0,10.0,10.0,0.5
45,4,Disability / drunk-driving accident,mixed-direction,True,1,25.0,5.0,20.0,0.8
45,5,Homelessness / former athlete,non-decreasing,False,0,20.0,20.0,0.0,0.0
45,6,Unemployment / workplace theft,mixed-direction,True,1,50.0,10.0,40.0,0.8
45,7,Emphysema / smoking / medical need,non-decreasing,False,0,20.0,20.0,0.0,0.0
45,8,Refugee / sick child / document forgery,non-decreasing,False,0,30.0,30.0,0.0,0.0
45,9,Startup failure / recession / social enterprise,non-decreasing,False,0,25.0,25.0,0.0,0.0
45,10,Ex-convict / family need / rehabilitation,non-decreasing,False,0,40.0,40.0,0.0,0.0
46,1,Mobility impairment / criminal activity,mixed-direction,True,1,25.0,5.0,20.0,0.8
46,2,Pregnancy loss / abortion,mixed-direction,True,2,40.0,20.0,20.0,0.5
46,3,Communication trauma / insurgency,mixed-direction,True,1,20.0,10.0,10.0,0.5
46,4,Disability / drunk-driving accident,mixed-direction,True,1,30.0,10.0,20.0,0.6666666666666666
46,5,Homelessness / former athlete,non-decreasing,False,0,20.0,20.0,0.0,0.0
46,6,Unemployment / workplace theft,mixed-direction,True,1,50.0,10.0,40.0,0.8
46,7,Emphysema / smoking / medical need,non-decreasing,False,0,30.0,30.0,0.0,0.0
46,8,Refugee / sick child / document forgery,non-decreasing,False,0,30.0,30.0,0.0,0.0
46,9,Startup failure / recession / social enterprise,non-decreasing,False,0,25.0,25.0,0.0,0.0
46,10,Ex-convict / family need / rehabilitation,non-decreasing,False,0,40.0,40.0,0.0,0.0
47,1,Mobility impairment / criminal activity,mixed-direction,True,1,30.0,10.0,20.0,0.6666666666666666
47,2,Pregnancy loss / abortion,mixed-direction,True,2,40.0,20.0,20.0,0.5
47,3,Communication trauma / insurgency,mixed-direction,True,1,30.0,10.0,20.0,0.6666666666666666
47,4,Disability / drunk-driving accident,mixed-direction,True,1,30.0,10.0,20.0,0.6666666666666666
47,5,Homelessness / former athlete,non-decreasing,False,0,20.0,20.0,0.0,0.0
47,6,Unemployment / workplace theft,mixed-direction,True,1,50.0,10.0,40.0,0.8
47,7,Emphysema / smoking / medical need,non-decreasing,False,0,30.0,30.0,0.0,0.0
47,8,Refugee / sick child / document forgery,non-decreasing,False,0,30.0,30.0,0.0,0.0
47,9,Startup failure / recession / social enterprise,non-decreasing,False,0,25.0,25.0,0.0,0.0
47,10,Ex-convict / family need / rehabilitation,non-decreasing,False,0,40.0,40.0,0.0,0.0
48,1,Mobility impairment / criminal activity,mixed-direction,True,1,40.0,20.0,20.0,0.5
48,2,Pregnancy loss / abortion,mixed-direction,True,2,40.0,20.0,20.0,0.5
48,3,Communication trauma / insurgency,mixed-direction,True,1,30.0,0.0,30.0,1.0
48,4,Disability / drunk-driving accident,mixed-direction,True,1,30.0,10.0,20.0,0.6666666666666666
48,5,Homelessness / former athlete,non-decreasing,False,0,20.0,20.0,0.0,0.0
48,6,Unemployment / workplace theft,mixed-direction,True,1,50.0,10.0,40.0,0.8
48,7,Emphysema / smoking / medical need,non-decreasing,False,0,25.0,25.0,0.0,0.0
48,8,Refugee / sick child / document forgery,non-decreasing,False,0,25.0,25.0,0.0,0.0
48,9,Startup failure / recession / social enterprise,non-decreasing,False,0,25.0,25.0,0.0,0.0
48,10,Ex-convict / family need / rehabilitation,non-decreasing,False,0,40.0,40.0,0.0,0.0
49,1,Mobility impairment / criminal activity,mixed-direction,True,1,30.0,10.0,20.0,0.6666666666666666
49,2,Pregnancy loss / abortion,mixed-direction,True,2,40.0,20.0,20.0,0.5
49,3,Communication trauma / insurgency,mixed-direction,True,1,35.0,25.0,10.0,0.2857142857142857
49,4,Disability / drunk-driving accident,mixed-direction,True,1,30.0,10.0,20.0,0.6666666666666666
49,5,Homelessness / former athlete,mixed-direction,True,1,20.0,10.0,10.0,0.5
49,6,Unemployment / workplace theft,mixed-direction,True,1,30.0,10.0,20.0,0.6666666666666666
49,7,Emphysema / smoking / medical need,non-decreasing,False,0,20.0,20.0,0.0,0.0
49,8,Refugee / sick child / document forgery,non-decreasing,False,0,30.0,30.0,0.0,0.0
49,9,Startup failure / recession / social enterprise,non-decreasing,False,0,25.0,25.0,0.0,0.0
49,10,Ex-convict / family need / rehabilitation,non-decreasing,False,0,40.0,40.0,0.0,0.0
50,1,Mobility impairment / criminal activity,mixed-direction,True,1,30.0,10.0,20.0,0.6666666666666666
50,2,Pregnancy loss / abortion,mixed-direction,True,2,40.0,20.0,20.0,0.5
50,3,Communication trauma / insurgency,mixed-direction,True,1,20.0,10.0,10.0,0.5
50,4,Disability / drunk-driving accident,mixed-direction,True,1,30.0,10.0,20.0,0.6666666666666666
50,5,Homelessness / former athlete,non-decreasing,False,0,15.0,15.0,0.0,0.0
50,6,Unemployment / workplace theft,mixed-direction,True,1,50.0,10.0,40.0,0.8
50,7,Emphysema / smoking / medical need,non-decreasing,False,0,25.0,25.0,0.0,0.0
50,8,Refugee / sick child / document forgery,non-decreasing,False,0,20.0,20.0,0.0,0.0
50,9,Startup failure / recession / social enterprise,non-decreasing,False,0,30.0,30.0,0.0,0.0
50,10,Ex-convict / family need / rehabilitation,non-decreasing,False,0,40.0,40.0,0.0,0.0
