scenario,scenario_name,level,stage_cue,n_coders,narrative,responsibility_controllability_mean,responsibility_controllability_median,responsibility_controllability_sd,need_vulnerability_mean,need_vulnerability_median,need_vulnerability_sd,external_constraint_coercion_mean,external_constraint_coercion_median,external_constraint_coercion_sd,mitigating_circumstances_motive_mean,mitigating_circumstances_motive_median,mitigating_circumstances_motive_sd,corrective_prosocial_effort_mean,corrective_prosocial_effort_median,corrective_prosocial_effort_sd,externality_luck_score_mean,externality_luck_score_median,externality_luck_score_sd,outcome_blinded_contextual_score_mean,outcome_blinded_contextual_score_median,outcome_blinded_contextual_score_sd
1,Mobility impairment / criminal activity,1,Mobility issues,3,"Person A: Male, 40 years; Person B: Male, 40 years, mobility issues.",4.0,4.0,0.0,3.0,3.0,0.0,2.0,2.0,0.0,1.0,1.0,0.0,1.0,1.0,0.0,4.0,4.0,0.0,2.2,2.2,0.0
1,Mobility impairment / criminal activity,2,Criminal activity,3,"Person A: Male, 40 years; Person B: Male, 40 years, mobility issue due to criminal activity.",5.333333333333333,6.0,1.1547005383792517,3.6666666666666665,4.0,0.5773502691896258,1.3333333333333333,1.0,0.5773502691896257,1.0,1.0,0.0,1.0,1.0,0.0,2.6666666666666665,2.0,1.1547005383792515,1.9333333333333333,2.0,0.11547005383792514
1,Mobility impairment / criminal activity,3,Forced gang membership,3,"Person A: Male, 40 years; Person B: Male, 40 years, mobility issue due to criminal activity, they were forced to become a gang member.",2.0,2.0,1.0,4.0,4.0,1.0,6.666666666666667,7.0,0.5773502691896258,6.0,6.0,1.0,1.0,1.0,0.0,6.0,6.0,1.0,4.733333333333333,4.8,0.5033222956847166
1,Mobility impairment / criminal activity,4,Illegal gambling debts,3,"Person A: Male, 40 years; Person B: Male, 40 years, mobility issue due to criminal activity, they were forced to become a gang member as a consequence of accumulating illegal gambling debts with no other means to pay them off.",3.6666666666666665,4.0,0.5773502691896258,4.333333333333333,4.0,0.5773502691896258,6.666666666666667,7.0,0.5773502691896258,5.333333333333333,6.0,1.1547005383792517,1.0,1.0,0.0,4.333333333333333,4.0,0.5773502691896258,4.333333333333333,4.4,0.5033222956847166
1,Mobility impairment / criminal activity,5,Gambling for child's cancer care,3,"Person A: Male, 40 years; Person B: Male, 40 years, mobility issue due to criminal activity, they were forced to become a gang member as a consequence of accumulating illegal gambling debts with no other means to pay them off, they had initially gambled to finance their child’s cancer treatment.",3.6666666666666665,4.0,0.5773502691896258,5.333333333333333,5.0,0.5773502691896258,6.666666666666667,7.0,0.5773502691896258,6.666666666666667,7.0,0.5773502691896258,1.6666666666666667,2.0,0.5773502691896257,4.333333333333333,4.0,0.5773502691896258,4.933333333333334,5.0,0.3055050463303896
2,Pregnancy loss / abortion,1,A pregnant; B no added condition,3,"Person A: Female, 28 years, pregnant; Person B: Female, 28 years.",4.0,4.0,0.0,1.0,1.0,0.0,1.0,1.0,0.0,1.0,1.0,0.0,1.0,1.0,0.0,4.0,4.0,0.0,1.6000000000000003,1.6,2.7194799110210365e-16
2,Pregnancy loss / abortion,2,Pregnancy loss,3,"Person A: Female, 28 years, pregnant; Person B: Female, 28 years, recently lost her child during pregnancy.",4.0,4.0,0.0,6.0,6.0,0.0,1.0,1.0,0.0,2.3333333333333335,1.0,2.3094010767585034,1.0,1.0,0.0,4.0,4.0,0.0,2.8666666666666667,2.6,0.46188021535170054
2,Pregnancy loss / abortion,3,Abortion,3,"Person A: Female, 28 years, pregnant; Person B: Female, 28 years, lost her child during pregnancy due to an abortion.",4.0,4.0,0.0,5.0,5.0,1.0,1.0,1.0,0.0,1.0,1.0,0.0,1.0,1.0,0.0,4.0,4.0,0.0,2.4,2.4,0.19999999999999996
2,Pregnancy loss / abortion,4,Life-saving medical abortion,3,"Person A: Female, 28 years, pregnant; Person B: Female, 28 years, lost her child due to an abortion for medical reasons that saved her life.",1.6666666666666667,2.0,0.5773502691896257,6.0,6.0,1.0,6.333333333333333,6.0,0.5773502691896258,6.666666666666667,7.0,0.5773502691896258,1.0,1.0,0.0,6.333333333333333,6.0,0.5773502691896258,5.266666666666667,5.2,0.5033222956847166
2,Pregnancy loss / abortion,5,Incest complications,3,"Person A: Female, 28 years, pregnant; Person B: Female, 28 years, lost her child due to an abortion for life-saving medical reasons, with complications from incest (pregnancy by brother).",1.3333333333333333,1.0,0.5773502691896257,6.333333333333333,6.0,0.5773502691896258,6.666666666666667,7.0,0.5773502691896258,6.666666666666667,7.0,0.5773502691896258,1.0,1.0,0.0,6.666666666666667,7.0,0.5773502691896258,5.466666666666666,5.6,0.4163331998932264
3,Communication trauma / insurgency,1,Communication/speech problems,3,"Person A: Male, 20 years; Person B: Male, 20 years, communication/speech problems.",3.3333333333333335,4.0,1.1547005383792515,2.6666666666666665,3.0,0.5773502691896258,1.3333333333333333,1.0,0.5773502691896257,1.3333333333333333,1.0,0.5773502691896257,1.0,1.0,0.0,4.666666666666667,4.0,1.1547005383792517,2.2,2.2,0.4
3,Communication trauma / insurgency,2,Trauma,3,"Person A: Male, 20 years; Person B: Male, 20 years, communication problems related to trauma.",2.3333333333333335,2.0,1.5275252316519465,3.3333333333333335,3.0,0.5773502691896258,1.6666666666666667,2.0,0.5773502691896257,2.6666666666666665,2.0,2.081665999466133,1.0,1.0,0.0,5.666666666666667,6.0,1.5275252316519465,2.8666666666666667,2.8,0.11547005383792526
3,Communication trauma / insurgency,3,Trauma as insurgent,3,"Person A: Male, 20 years; Person B: Male, 20 years, communication problems from trauma as an insurgent in Iraq.",4.0,4.0,0.0,4.0,4.0,0.0,2.0,2.0,1.0,3.0,3.0,2.0,1.0,1.0,0.0,4.0,4.0,0.0,2.8000000000000003,3.0,0.3464101615137755
3,Communication trauma / insurgency,4,Family killed in drone bombing,3,"Person A: Male, 20 years; Person B: Male, 20 years, communication problems from trauma as an insurgent in Iraq, joined insurgency after family died in a drone bombing.",3.3333333333333335,3.0,0.5773502691896258,5.333333333333333,5.0,0.5773502691896258,3.6666666666666665,3.0,1.1547005383792515,5.0,5.0,1.0,1.0,1.0,0.0,4.666666666666667,5.0,0.5773502691896258,3.9333333333333336,3.8,0.41633319989322676
3,Communication trauma / insurgency,5,Family in insurgency leadership,3,"Person A: Male, 20 years; Person B: Male, 20 years, communication problems from trauma as an insurgent in Iraq, family was deeply involved in insurgency leadership before the drone bombing.",3.6666666666666665,4.0,0.5773502691896258,4.666666666666667,5.0,0.5773502691896258,4.0,4.0,1.0,3.3333333333333335,3.0,1.5275252316519465,1.0,1.0,0.0,4.333333333333333,4.0,0.5773502691896258,3.466666666666667,3.6,0.6110100926607788
4,Disability / drunk-driving accident,1,Permanent disability after crash,3,"Person A: Male, 38 years; Person B: Male, 38 years, permanently disabled due to a car accident.",3.0,4.0,1.7320508075688772,5.666666666666667,6.0,0.5773502691896258,4.666666666666667,5.0,0.5773502691896258,2.6666666666666665,1.0,2.886751345948129,1.0,1.0,0.0,5.0,4.0,1.7320508075688772,3.8000000000000003,3.2,1.0392304845413263
4,Disability / drunk-driving accident,2,Drunk driving,3,"Person A: Male, 38 years; Person B: Male, 38 years, permanently disabled in a car accident, he was drunk driving.",6.666666666666667,7.0,0.5773502691896258,6.0,6.0,0.0,2.3333333333333335,1.0,2.3094010767585034,1.0,1.0,0.0,1.0,1.0,0.0,1.3333333333333333,1.0,0.5773502691896257,2.3333333333333335,2.2,0.4163331998932264
4,Disability / drunk-driving accident,3,Drinking linked to bereavement,3,"Person A: Male, 38 years; Person B: Male, 38 years, permanent disability from a drunk-driving accident, his drinking was tied to a close friend's recent death.",5.666666666666667,6.0,0.5773502691896258,6.0,6.0,0.0,3.0,2.0,1.7320508075688772,3.3333333333333335,3.0,0.5773502691896258,1.0,1.0,0.0,2.3333333333333335,2.0,0.5773502691896258,3.1333333333333333,3.0,0.23094010767585027
4,Disability / drunk-driving accident,4,Friend died in war,3,"Person A: Male, 38 years; Person B: Male, 38 years, permanent disability from a drunk-driving accident, friend’s death was in a war as a soldier.",4.666666666666667,4.0,1.1547005383792517,6.0,6.0,0.0,4.333333333333333,5.0,1.1547005383792517,1.0,1.0,0.0,1.0,1.0,0.0,3.3333333333333335,4.0,1.1547005383792515,3.1333333333333333,3.0,0.23094010767585024
4,Disability / drunk-driving accident,5,B survived same ambush,3,"Person A: Male, 38 years; Person B: Male, 38 years, permanent disability from a drunk-driving accident, friend died in war, and Person B survived the same ambush attack while serving.",4.0,4.0,0.0,6.0,6.0,0.0,4.333333333333333,5.0,1.1547005383792517,4.0,5.0,1.7320508075688772,1.6666666666666667,1.0,1.1547005383792517,4.0,4.0,0.0,4.0,4.2,0.3464101615137755
5,Homelessness / former athlete,1,Homelessness,3,"Person A: Male, 30 years; Person B: Male, 30 years, homeless.",4.0,4.0,0.0,5.0,5.0,0.0,3.0,3.0,2.0,1.0,1.0,0.0,1.0,1.0,0.0,4.0,4.0,0.0,2.7999999999999994,2.8,0.40000000000000013
5,Homelessness / former athlete,2,Former professional athlete,3,"Person A: Male, 30 years; Person B: Male, 30 years, homeless, former professional athlete.",4.0,4.0,0.0,5.666666666666667,6.0,0.5773502691896258,2.3333333333333335,1.0,2.3094010767585034,1.0,1.0,0.0,1.0,1.0,0.0,4.0,4.0,0.0,2.8000000000000003,2.6,0.529150262212918
5,Homelessness / former athlete,3,Career-ending injury,3,"Person A: Male, 30 years; Person B: Male, 30 years, homeless, former professional athlete, lost career due to injury.",1.3333333333333333,1.0,0.5773502691896257,5.666666666666667,6.0,0.5773502691896258,4.666666666666667,5.0,0.5773502691896258,4.333333333333333,5.0,1.1547005383792517,1.0,1.0,0.0,6.666666666666667,7.0,0.5773502691896258,4.466666666666666,4.6,0.4163331998932264
5,Homelessness / former athlete,4,Painkiller addiction,3,"Person A: Male, 30 years; Person B: Male, 30 years, homeless, former athlete, lost career to injury, now addicted to painkillers.",3.3333333333333335,3.0,0.5773502691896258,6.0,6.0,0.0,4.333333333333333,5.0,1.1547005383792517,4.333333333333333,4.0,0.5773502691896258,1.0,1.0,0.0,4.666666666666667,5.0,0.5773502691896258,4.066666666666666,4.2,0.23094010767585052
5,Homelessness / former athlete,5,Seeking rehab / fatherhood,3,"Person A: Male, 30 years; Person B: Male, 30 years, homeless, former athlete, lost career to injury, addicted to painkillers, and trying to finance rehab to be a better father.",3.3333333333333335,3.0,0.5773502691896258,6.0,6.0,0.0,4.333333333333333,5.0,1.1547005383792517,5.333333333333333,5.0,0.5773502691896258,3.6666666666666665,3.0,1.1547005383792515,4.666666666666667,5.0,0.5773502691896258,4.8,4.6,0.5291502622129183
6,Unemployment / workplace theft,1,Unemployed,3,"Person A: Female, 35 years, working as a nurse; Person B: Female, 35 years, unemployed.",4.0,4.0,0.0,2.3333333333333335,2.0,0.5773502691896258,1.0,1.0,0.0,1.0,1.0,0.0,1.0,1.0,0.0,4.0,4.0,0.0,1.8666666666666665,1.8,0.11547005383792514
6,Unemployment / workplace theft,2,Theft from employer,3,"Person A: Female, 35 years, working as a nurse; Person B: Female, 35 years, unemployed, lost job due to stealing from employer.",6.666666666666667,7.0,0.5773502691896258,3.3333333333333335,3.0,0.5773502691896258,1.0,1.0,0.0,1.0,1.0,0.0,1.0,1.0,0.0,1.3333333333333333,1.0,0.5773502691896257,1.5333333333333332,1.6,0.11547005383792526
6,Unemployment / workplace theft,3,Cannot re-enter field,3,"Person A: Female, 35 years, working as a nurse; Person B: Female, 35 years, unemployed, lost job for stealing, and can’t find another job in her field.",6.0,6.0,0.0,4.333333333333333,4.0,0.5773502691896258,3.3333333333333335,3.0,0.5773502691896258,1.0,1.0,0.0,1.3333333333333333,1.0,0.5773502691896257,2.0,2.0,0.0,2.4,2.4,0.19999999999999996
6,Unemployment / workplace theft,4,Working in fast food,3,"Person A: Female, 35 years, working as a nurse; Person B: Female, 35 years, unemployed, lost job for stealing, cannot find a job in her field, now working at a fast-food restaurant.",6.0,6.0,0.0,3.6666666666666665,3.0,1.1547005383792515,3.3333333333333335,3.0,0.5773502691896258,1.0,1.0,0.0,2.3333333333333335,3.0,1.1547005383792515,2.0,2.0,0.0,2.466666666666667,2.4,0.11547005383792526
6,Unemployment / workplace theft,5,Sole family breadwinner,3,"Person A: Female, 35 years, working as a nurse; Person B: Female, 35 years, unemployed, lost job for stealing, unable to return to her field, now at a fast-food job, sole breadwinner for her family.",6.0,6.0,0.0,5.0,5.0,1.0,4.0,4.0,1.0,2.6666666666666665,2.0,2.081665999466133,3.3333333333333335,3.0,1.5275252316519465,2.0,2.0,0.0,3.4,3.4,0.6000000000000001
7,Emphysema / smoking / medical need,1,Emphysema,3,"Person A: Male, 45 years; Person B: Male, 45 years, sick with emphysema.",4.0,4.0,0.0,4.666666666666667,5.0,0.5773502691896258,1.0,1.0,0.0,1.3333333333333333,1.0,0.5773502691896257,1.0,1.0,0.0,4.0,4.0,0.0,2.4,2.4,0.0
7,Emphysema / smoking / medical need,2,Years of smoking,3,"Person A: Male, 45 years; Person B: Male, 45 years, emphysema due to years of smoking cigarettes.",6.333333333333333,6.0,0.5773502691896258,4.333333333333333,4.0,0.5773502691896258,1.0,1.0,0.0,1.0,1.0,0.0,1.0,1.0,0.0,1.6666666666666667,2.0,0.5773502691896257,1.8,1.8,0.19999999999999996
7,Emphysema / smoking / medical need,3,No insurance coverage,3,"Person A: Male, 45 years; Person B: Male, 45 years, emphysema from smoking, not covered by insurance.",6.0,6.0,0.0,5.333333333333333,5.0,0.5773502691896258,2.6666666666666665,3.0,0.5773502691896258,1.0,1.0,0.0,1.0,1.0,0.0,2.0,2.0,0.0,2.4,2.4,0.0
7,Emphysema / smoking / medical need,4,Cannot pay medical bills,3,"Person A: Male, 45 years; Person B: Male, 45 years, emphysema from smoking, no insurance coverage, can’t pay medical bills.",6.0,6.0,0.0,6.0,6.0,0.0,2.6666666666666665,2.0,2.081665999466133,2.3333333333333335,1.0,2.3094010767585034,1.0,1.0,0.0,2.0,2.0,0.0,2.7999999999999994,2.4,0.8717797887081346
7,Emphysema / smoking / medical need,5,Treatment versus rent,3,"Person A: Male, 45 years; Person B: Male, 45 years, emphysema from smoking, no insurance, can’t pay bills, must choose between medical treatment and rent.",6.0,6.0,0.0,6.0,6.0,0.0,6.0,6.0,1.0,2.6666666666666665,1.0,2.886751345948129,1.0,1.0,0.0,2.0,2.0,0.0,3.5333333333333337,3.2,0.7571877794400367
8,Refugee / sick child / document forgery,1,Newly arrived refugee,3,"Person A: Female, 30 years; Person B: Female, 30 years, newly arrived refugee from conflict zone.",1.6666666666666667,2.0,0.5773502691896257,5.0,5.0,0.0,5.0,5.0,0.0,3.6666666666666665,5.0,2.3094010767585034,1.0,1.0,0.0,6.333333333333333,6.0,0.5773502691896258,4.2,4.4,0.529150262212918
8,Refugee / sick child / document forgery,2,Sick child in shelter,3,"Person A: Female, 30 years; Person B: Female, 30 years, newly arrived refugee from conflict zone, with a sick child in a shelter.",1.0,1.0,0.0,6.0,6.0,0.0,6.0,6.0,0.0,2.6666666666666665,1.0,2.886751345948129,1.0,1.0,0.0,7.0,7.0,0.0,4.533333333333334,4.2,0.5773502691896257
8,Refugee / sick child / document forgery,3,Forged documents for urgent care,3,"Person A: Female, 30 years; Person B: Female, 30 years, newly arrived refugee from conflict zone, with a sick child in a shelter, forged documents to secure urgent medical care for the child.",2.6666666666666665,3.0,0.5773502691896258,6.0,6.0,0.0,6.333333333333333,6.0,0.5773502691896258,6.666666666666667,7.0,0.5773502691896258,2.3333333333333335,1.0,2.3094010767585034,5.333333333333333,5.0,0.5773502691896258,5.333333333333333,5.2,0.4163331998932264
8,Refugee / sick child / document forgery,4,Faces deportation,3,"Person A: Female, 30 years; Person B: Female, 30 years, newly arrived refugee from conflict zone, with a sick child in a shelter, forged documents to secure urgent medical care for the child, now faces deportation.",3.3333333333333335,3.0,0.5773502691896258,6.666666666666667,7.0,0.5773502691896258,6.333333333333333,6.0,0.5773502691896258,6.666666666666667,7.0,0.5773502691896258,2.6666666666666665,2.0,2.081665999466133,4.666666666666667,5.0,0.5773502691896258,5.400000000000001,5.4,0.19999999999999973
8,Refugee / sick child / document forgery,5,Spouse missing in conflict zone,3,"Person A: Female, 30 years; Person B: Female, 30 years, newly arrived refugee from conflict zone, with a sick child in a shelter, forged documents to secure urgent medical care for the child, now faces deportation, spouse is still missing in the conflict zone.",2.3333333333333335,2.0,0.5773502691896258,7.0,7.0,0.0,6.333333333333333,6.0,0.5773502691896258,6.666666666666667,7.0,0.5773502691896258,2.3333333333333335,1.0,2.3094010767585034,5.666666666666667,6.0,0.5773502691896258,5.599999999999999,5.6,0.3999999999999999
9,Startup failure / recession / social enterprise,1,Startup at risk,3,"Person A: Female, 29 years, stable corporate job; Person B: Female, 29 years, founder of a small startup at risk of failing.",4.0,4.0,0.0,3.3333333333333335,3.0,0.5773502691896258,1.0,1.0,0.0,1.0,1.0,0.0,1.6666666666666667,2.0,0.5773502691896257,4.0,4.0,0.0,2.2,2.2,0.0
9,Startup failure / recession / social enterprise,2,Investor lost in recession,3,"Person A: Female, 29 years, stable corporate job; Person B: Female, 29 years, founder of a small startup at risk of failing, startup lost its main investor due to economic recession.",3.0,3.0,1.0,4.333333333333333,4.0,0.5773502691896258,4.666666666666667,5.0,0.5773502691896258,4.333333333333333,5.0,1.1547005383792517,1.3333333333333333,1.0,0.5773502691896257,5.0,5.0,1.0,3.9333333333333336,4.0,0.3055050463303894
9,Startup failure / recession / social enterprise,3,High-interest loan,3,"Person A: Female, 29 years, stable corporate job; Person B: Female, 29 years, founder of a small startup at risk of failing, startup lost its main investor due to economic recession, took a high-interest loan to stay afloat.",3.3333333333333335,3.0,0.5773502691896258,4.666666666666667,5.0,0.5773502691896258,4.666666666666667,5.0,0.5773502691896258,4.333333333333333,5.0,1.1547005383792517,2.3333333333333335,2.0,1.5275252316519465,4.666666666666667,5.0,0.5773502691896258,4.133333333333334,4.0,0.6110100926607785
9,Startup failure / recession / social enterprise,4,Default / personal bankruptcy,3,"Person A: Female, 29 years, stable corporate job; Person B: Female, 29 years, founder of a small startup at risk of failing, startup lost its main investor due to economic recession, took a high-interest loan to stay afloat, startup defaulted on the loan and facing personal bankruptcy.",4.0,4.0,0.0,5.666666666666667,6.0,0.5773502691896258,5.0,5.0,0.0,4.333333333333333,5.0,1.1547005383792517,2.0,2.0,1.0,4.0,4.0,0.0,4.2,4.2,0.20000000000000018
9,Startup failure / recession / social enterprise,5,Pivot to youth social enterprise,3,"Person A: Female, 29 years, stable corporate job; Person B: Female, 29 years, founder of a small startup at risk of failing, startup lost its main investor due to economic recession, took a high-interest loan to stay afloat, startup defaulted on the loan and facing personal bankruptcy, trying to pivot the failing startup into a social enterprise for youth.",4.0,4.0,0.0,5.666666666666667,6.0,0.5773502691896258,4.666666666666667,5.0,0.5773502691896258,4.333333333333333,5.0,1.1547005383792517,3.6666666666666665,4.0,0.5773502691896258,4.0,4.0,0.0,4.466666666666667,4.6,0.23094010767585002
10,Ex-convict / family need / rehabilitation,1,Recently released ex-convict,3,"Person A: Male, 50 years; Person B: Male, 50 years, ex-convict recently released from prison.",4.333333333333333,4.0,0.5773502691896258,3.0,3.0,1.0,2.6666666666666665,2.0,2.081665999466133,1.0,1.0,0.0,1.0,1.0,0.0,3.6666666666666665,4.0,0.5773502691896258,2.2666666666666666,2.0,0.6429100507328637
10,Ex-convict / family need / rehabilitation,2,Offence to feed family,3,"Person A: Male, 50 years; Person B: Male, 50 years, ex-convict recently released from prison, done while unemployed to feed his family.",4.666666666666667,5.0,0.5773502691896258,4.666666666666667,5.0,0.5773502691896258,4.333333333333333,4.0,0.5773502691896258,5.666666666666667,6.0,0.5773502691896258,1.0,1.0,0.0,3.3333333333333335,3.0,0.5773502691896258,3.7999999999999994,3.8,0.40000000000000013
10,Ex-convict / family need / rehabilitation,3,Family left / transitional housing,3,"Person A: Male, 50 years; Person B: Male, 50 years, ex-convict recently released from prison, done while unemployed to feed his family, family left him while incarcerated and now in transitional housing.",4.666666666666667,5.0,0.5773502691896258,5.666666666666667,6.0,0.5773502691896258,4.666666666666667,5.0,1.5275252316519465,5.666666666666667,6.0,0.5773502691896258,1.0,1.0,0.0,3.3333333333333335,3.0,0.5773502691896258,4.066666666666666,4.2,0.6110100926607785
10,Ex-convict / family need / rehabilitation,4,Pressure to re-offend,3,"Person A: Male, 50 years; Person B: Male, 50 years, ex-convict recently released from prison, done while unemployed to feed his family, family left him while incarcerated and now in transitional housing, old criminal associates pressuring him to re-offend.",4.666666666666667,5.0,0.5773502691896258,6.0,6.0,0.0,5.333333333333333,5.0,0.5773502691896258,5.666666666666667,6.0,0.5773502691896258,1.0,1.0,0.0,3.3333333333333335,3.0,0.5773502691896258,4.266666666666667,4.2,0.30550504633038916
10,Ex-convict / family need / rehabilitation,5,Rehabilitation / volunteering,3,"Person A: Male, 50 years; Person B: Male, 50 years, ex-convict recently released from prison, done while unemployed to feed his family, family left him while incarcerated and now in transitional housing, old criminal associates pressuring him to re-offend, but joins a rehabilitation program and actively volunteering at a community center.",4.333333333333333,4.0,0.5773502691896258,5.333333333333333,5.0,0.5773502691896258,5.666666666666667,6.0,0.5773502691896258,5.666666666666667,6.0,0.5773502691896258,6.0,6.0,0.0,3.6666666666666665,4.0,0.5773502691896258,5.266666666666667,5.4,0.41633319989322654
