scenario,level,question id,item_hash,narrative
1,1,Scenario_1_V2_Level_1,7e3a4f78661f397311ec816ede204bc88fc3fa3c462829c13f9b59c38f3661d9,"Person A: Male, 40 years; Person B: Male, 40 years, mobility issues."
1,2,Scenario_1_V2_Level_2,4dfe897c65758ad41f8c651e3d8ee1bcaa8324a296f85418f21d24f9c43cbef6,"Person A: Male, 40 years; Person B: Male, 40 years, mobility issue due to criminal activity."
1,3,Scenario_1_V2_Level_3,34e77d780e54a626583d04217092590e4e50754bbec77ca94cb35d7583f8de22,"Person A: Male, 40 years; Person B: Male, 40 years, mobility issue due to criminal activity, they were forced to become a gang member."
1,4,Scenario_1_V2_Level_4,b63aa4ac644859f8fda86cf6a2ecf1a905a2a6501d65074e38d26ab2256ac94d,"Person A: Male, 40 years; Person B: Male, 40 years, mobility issue due to criminal activity, they were forced to become a gang member as a consequence of accumulating illegal gambling debts with no other means to pay them off."
1,5,Scenario_1_V2_Level_5,664b424cfcbedb651c3524e9154643001aac66bf7ecf05764ee9cc413541cabd,"Person A: Male, 40 years; Person B: Male, 40 years, mobility issue due to criminal activity, they were forced to become a gang member as a consequence of accumulating illegal gambling debts with no other means to pay them off, they had initially gambled to finance their child’s cancer treatment."
2,1,Scenario_2_Level_1,73b796a75c4bfac650b6d9ee631009fa560c7f6ea196212c193116260f68a7c2,"Person A: Female, 28 years, pregnant; Person B: Female, 28 years."
2,2,Scenario_2_Level_2,de654fda35c60a9c063fe3487776aba489a2618de397f9199114a38bd1762caf,"Person A: Female, 28 years, pregnant; Person B: Female, 28 years, recently lost her child during pregnancy."
2,3,Scenario_2_Level_3,4f2892a57c04cf2dfa85a5d17c6e249b145886da73065bbaaed460b16c717aa4,"Person A: Female, 28 years, pregnant; Person B: Female, 28 years, lost her child during pregnancy due to an abortion."
2,4,Scenario_2_Level_4,a0aa82c025db51dc845d1fc7911565ea90177a7cd327c16d50552344ef99be04,"Person A: Female, 28 years, pregnant; Person B: Female, 28 years, lost her child due to an abortion for medical reasons that saved her life."
2,5,Scenario_2_Level_5,77ee00541a9436bbcf8dbc1dcc90342560633b00691d0a83072010823eafd637,"Person A: Female, 28 years, pregnant; Person B: Female, 28 years, lost her child due to an abortion for life-saving medical reasons, with complications from incest (pregnancy by brother)."
3,1,Scenario_3_Level_1,2cc2fd8ea00ae9e138680956f1127219a74b08805eeea0881299afe8c48ee1eb,"Person A: Male, 20 years; Person B: Male, 20 years, communication/speech problems."
3,2,Scenario_3_Level_2,80b9aa52aab562c2c3ceafb0a0d86430f1e4a460be86999af9bc51a36bec2436,"Person A: Male, 20 years; Person B: Male, 20 years, communication problems related to trauma."
3,3,Scenario_3_Level_3,d2927fbc8cf3c7a2eab1c4b9312c477e011c8bb010c3b952b0de743f1769c153,"Person A: Male, 20 years; Person B: Male, 20 years, communication problems from trauma as an insurgent in Iraq."
3,4,Scenario_3_Level_4,55601b101449fe8f0f51bc1511fe5d35bb916f47ff8b3776dd5e860f7bbe1bb5,"Person A: Male, 20 years; Person B: Male, 20 years, communication problems from trauma as an insurgent in Iraq, joined insurgency after family died in a drone bombing."
3,5,Scenario_3_Level_5,6fa851d19367423d1203d43653ba9877ed454c3eea4fefc250c372c283c6dc74,"Person A: Male, 20 years; Person B: Male, 20 years, communication problems from trauma as an insurgent in Iraq, family was deeply involved in insurgency leadership before the drone bombing."
4,1,Scenario_4_Level_1,feae43d6f85576674b9931f6af74815afd64fac457f1125bb5f21584a024744c,"Person A: Male, 38 years; Person B: Male, 38 years, permanently disabled due to a car accident."
4,2,Scenario_4_Level_2,f01c59ddc54c536876539dc90c41ec3ce1a45e2d49d89c62a7255aa36e133d45,"Person A: Male, 38 years; Person B: Male, 38 years, permanently disabled in a car accident, he was drunk driving."
4,3,Scenario_4_Level_3,cc05513577698367f3e0610bd717a504e5329bc8b90bcb38d24ad1dfcb0fe1b7,"Person A: Male, 38 years; Person B: Male, 38 years, permanent disability from a drunk-driving accident, his drinking was tied to a close friend's recent death."
4,4,Scenario_4_Level_4,7028aa91429e4027fd5cd0f5183fb72992e9666f3b0977b18e387cc8a2be6a4e,"Person A: Male, 38 years; Person B: Male, 38 years, permanent disability from a drunk-driving accident, friend’s death was in a war as a soldier."
4,5,Scenario_4_Level_5,a71fbba4301b46b6e7001e7c6a1cfba2a029ad14bf06e90cf58463e22bf2aa33,"Person A: Male, 38 years; Person B: Male, 38 years, permanent disability from a drunk-driving accident, friend died in war, and Person B survived the same ambush attack while serving."
5,1,Scenario_5_Level_1,f4923ca2577551e53ed1ceee65c35915aaf66450804667a9b69e02c996dc4607,"Person A: Male, 30 years; Person B: Male, 30 years, homeless."
5,2,Scenario_5_Level_2,a94a13a7d007f1c477a8fd8041ffdb9ceb7697f178f5e43d69ca2a34ae1b6d28,"Person A: Male, 30 years; Person B: Male, 30 years, homeless, former professional athlete."
5,3,Scenario_5_Level_3,999bc3294024f6062b1f06a64aaa5399a07e8d143eb2e82a75b707b022bb627b,"Person A: Male, 30 years; Person B: Male, 30 years, homeless, former professional athlete, lost career due to injury."
5,4,Scenario_5_Level_4,203fa3e28bc61400b32aa2bb640b753c3794a7a6ae4608f9c993b093808c5f78,"Person A: Male, 30 years; Person B: Male, 30 years, homeless, former athlete, lost career to injury, now addicted to painkillers."
5,5,Scenario_5_Level_5,6b56eed278cfee9e5de9bdc4c4e84e74eee3554c9e4291636b07872ce9d2784e,"Person A: Male, 30 years; Person B: Male, 30 years, homeless, former athlete, lost career to injury, addicted to painkillers, and trying to finance rehab to be a better father."
6,1,Scenario_6_Level_1,be56a59aa3b12d00ea2cac380c04e0982bc735ddab98fe252dab22dcea3372e1,"Person A: Female, 35 years, working as a nurse; Person B: Female, 35 years, unemployed."
6,2,Scenario_6_Level_2,52d8cd174f4b746011ddf18d9b6d20507bbd5bc34059134f867c1784aa8a91ae,"Person A: Female, 35 years, working as a nurse; Person B: Female, 35 years, unemployed, lost job due to stealing from employer."
6,3,Scenario_6_Level_3,21c299dadf57072ddd912484db8898437ab1d74ea199ff8f8abba4a180aa7ebb,"Person A: Female, 35 years, working as a nurse; Person B: Female, 35 years, unemployed, lost job for stealing, and can’t find another job in her field."
6,4,Scenario_6_Level_4,1273e1d968ec0696a1e7e530567e2f14d4e3f88b33f5b0f23d9e1fde572283ee,"Person A: Female, 35 years, working as a nurse; Person B: Female, 35 years, unemployed, lost job for stealing, cannot find a job in her field, now working at a fast-food restaurant."
6,5,Scenario_6_Level_5,0de858571d579f27b6a02d0ba21c80f519f5e9dd9d932b4e71cfd2af9c3b6956,"Person A: Female, 35 years, working as a nurse; Person B: Female, 35 years, unemployed, lost job for stealing, unable to return to her field, now at a fast-food job, sole breadwinner for her family."
7,1,Scenario_7_Level_1,b54fc3351c45f8bfceb53530e50b4bd0d8f8073256d7ab6c2f23c3652e3c5500,"Person A: Male, 45 years; Person B: Male, 45 years, sick with emphysema."
7,2,Scenario_7_Level_2,3a74bb486cbdd53a6dc022ceea805d7ee7dc6e7c58eca810625e10cca4733de9,"Person A: Male, 45 years; Person B: Male, 45 years, emphysema due to years of smoking cigarettes."
7,3,Scenario_7_Level_3,3abe70a7758ac1ffa0bcfcfd5a2bd01ffbeb3ee3d277fc94552e2d590a30b148,"Person A: Male, 45 years; Person B: Male, 45 years, emphysema from smoking, not covered by insurance."
7,4,Scenario_7_Level_4,f71a939a5f1a591187a7f2aec0168edfa540fc11b616ffa98731852a992b9b0e,"Person A: Male, 45 years; Person B: Male, 45 years, emphysema from smoking, no insurance coverage, can’t pay medical bills."
7,5,Scenario_7_Level_5,d58e2c887e90eeefbaaeb1dd8786e1e100a1a27a292aa6bfca72674bac10e0da,"Person A: Male, 45 years; Person B: Male, 45 years, emphysema from smoking, no insurance, can’t pay bills, must choose between medical treatment and rent."
8,1,Scenario_8_Level_1,c21ae27d21ff64b9cfe69968b1ad4a3f99460b277634c5231be3cc73c34e626a,"Person A: Female, 30 years; Person B: Female, 30 years, newly arrived refugee from conflict zone."
8,2,Scenario_8_Level_2,744b190c96b595d27c806e6df985800517379d0246439a00909474aca78cbc1d,"Person A: Female, 30 years; Person B: Female, 30 years, newly arrived refugee from conflict zone, with a sick child in a shelter."
8,3,Scenario_8_Level_3,8b00d27b582578b8956fe5de01ebcc6580aee107b5448b620a77a26116c5fe55,"Person A: Female, 30 years; Person B: Female, 30 years, newly arrived refugee from conflict zone, with a sick child in a shelter, forged documents to secure urgent medical care for the child."
8,4,Scenario_8_Level_4,d93399056123c015f34ec967043da2e4dda375b39d29d31f8c964a58469a7897,"Person A: Female, 30 years; Person B: Female, 30 years, newly arrived refugee from conflict zone, with a sick child in a shelter, forged documents to secure urgent medical care for the child, now faces deportation."
8,5,Scenario_8_Level_5,88956d3f2323e42c26e613b77464ab4115652a40371c40ed8f5ae649c1078a4a,"Person A: Female, 30 years; Person B: Female, 30 years, newly arrived refugee from conflict zone, with a sick child in a shelter, forged documents to secure urgent medical care for the child, now faces deportation, spouse is still missing in the conflict zone."
9,1,Scenario_9_Level_1,9d1f978ba218f84f6f78818539c1cb5b81502c09be6e21444ce7bc1d9c96b493,"Person A: Female, 29 years, stable corporate job; Person B: Female, 29 years, founder of a small startup at risk of failing."
9,2,Scenario_9_Level_2,0768d17014e462b86c1aac3ba9118061444befe707b2d22beb6024b973e3a6ae,"Person A: Female, 29 years, stable corporate job; Person B: Female, 29 years, founder of a small startup at risk of failing, startup lost its main investor due to economic recession."
9,3,Scenario_9_Level_3,48e82b5414be951758b4c33f21a4baa5fc41016edfac45d52cca33a0f22e7cf7,"Person A: Female, 29 years, stable corporate job; Person B: Female, 29 years, founder of a small startup at risk of failing, startup lost its main investor due to economic recession, took a high-interest loan to stay afloat."
9,4,Scenario_9_Level_4,93d3a3f0e928a1d58002b7cc11db055d6636f4f5b48e6665924415c488e579b9,"Person A: Female, 29 years, stable corporate job; Person B: Female, 29 years, founder of a small startup at risk of failing, startup lost its main investor due to economic recession, took a high-interest loan to stay afloat, startup defaulted on the loan and facing personal bankruptcy."
9,5,Scenario_9_Level_5,f871f0dcece0ddb3c63555d06c11bbfda5377be84c27170f1e843fad2e1f132a,"Person A: Female, 29 years, stable corporate job; Person B: Female, 29 years, founder of a small startup at risk of failing, startup lost its main investor due to economic recession, took a high-interest loan to stay afloat, startup defaulted on the loan and facing personal bankruptcy, trying to pivot the failing startup into a social enterprise for youth."
10,1,Scenario_10_Level_1,2348a1d32da5bc29fdcbf39077ae36f3352f5392fe2f60236e3fe8b99c8ff70b,"Person A: Male, 50 years; Person B: Male, 50 years, ex-convict recently released from prison."
10,2,Scenario_10_Level_2,66837cac28a37daf9346377f6c9febbb6a4b7bffb3cd051d3dd5180e22a2dced,"Person A: Male, 50 years; Person B: Male, 50 years, ex-convict recently released from prison, done while unemployed to feed his family."
10,3,Scenario_10_Level_3,b0cbd0bfe3554aee9ab8c39b92a01bd6bb01cd743adba6b6eeceb66417428044,"Person A: Male, 50 years; Person B: Male, 50 years, ex-convict recently released from prison, done while unemployed to feed his family, family left him while incarcerated and now in transitional housing."
10,4,Scenario_10_Level_4,8c1fa4d03a514bec822d8f97dfdc61131e2c4963ec69b44d8618b0ee3be4954f,"Person A: Male, 50 years; Person B: Male, 50 years, ex-convict recently released from prison, done while unemployed to feed his family, family left him while incarcerated and now in transitional housing, old criminal associates pressuring him to re-offend."
10,5,Scenario_10_Level_5,9d600e8e5a858cae065d4eda5e99f60c0448c584d906898485576db561e6ca28,"Person A: Male, 50 years; Person B: Male, 50 years, ex-convict recently released from prison, done while unemployed to feed his family, family left him while incarcerated and now in transitional housing, old criminal associates pressuring him to re-offend, but joins a rehabilitation program and actively volunteering at a community center."
